content,creationTime,productColor,productSize,userClientShow,userLevelName
在这家买了两件，钢圈比较尖锐正好对到胸口那个位置，很难受，肩带也不合理。需要买的亲们可以考虑下  卖家服务可以,2018-06-12 20:06:30,粉灰,40B/90B,来自京东Android客户端,铜牌会员
一直买这品牌的内衣，大品牌值得信赖，物流很快，大品牌很注意细节还会再来买的,2018-10-25 10:58:22,XJ7305-有钢圈-黑色,36C/80C,来自京东Android客户端,PLUS会员
一直喜欢这品牌，这次是买来送家人的，家人也很喜欢，会一直支持这品牌的,2018-10-25 11:00:13,XJ8501-无钢圈-黑色,36C/80C,来自京东Android客户端,PLUS会员
还挺薄的，号合适，穿着也还不错，希望度过一个轻盈的冬天呐，嘿嘿。,2018-10-26 21:39:14,XJ7305-有钢圈-牙白色,38C/85C,来自京东iPhone客户端,PLUS会员
买了三个内裤，三个内衣，都很满意，喜欢喜欢,2018-10-15 14:35:27,XJ8507-无钢圈-黑色,36B/80B,来自京东Android客户端,PLUS会员
已经到手了，评价的话很不错，质量不错。,2018-10-15 23:51:27,XJ8507-无钢圈-粉灰,34C/75C,来自京东iPhone客户端,PLUS会员
衣服很美 质量好，软软的，很舒服，满意,2018-10-14 09:33:44,XJ8507-无钢圈中国红,36C/80C,来自京东Android客户端,PLUS会员
很不错，衣服软软的，很喜欢，可以放心买,2018-10-14 09:31:16,XJ8507-无钢圈-风悦灰,34C/75C,来自京东Android客户端,PLUS会员
颜色漂亮，穿着很漂亮，我很喜欢的一款内衣，很性感,2018-11-06 10:51:55,XJ7305-有钢圈-风悦灰,36B/80B,,PLUS会员
最舒服的一款（哦，对中老年来说?），不错。打算买其他几个颜色。就是物流比较慢?,2018-10-29 21:27:28,XJ7305-有钢圈-棕色,34B/75B,来自京东Android客户端,PLUS会员
每次买这品牌的内衣就很多，除了自己穿还送了家人，也会推荐给朋友的，确实是好，值得买,2018-10-25 11:01:55,XJ7305-有钢圈-粉灰,36C/80C,来自京东Android客户端,PLUS会员
挺好的，肩带不下滑，就是四排扣不太好扣,2018-10-23 17:21:49,XJ7305-有钢圈-风悦灰,36B/80B,来自京东iPhone客户端,钻石会员
好东西就是好，穿着舒服，有型，会一直关注的，也祝店家生意好,2018-10-25 11:03:56,XJ8501-无钢圈-粉灰,36C/80C,来自京东Android客户端,PLUS会员
买了三个内裤，三个内衣，都很满意，喜欢喜欢,2018-10-15 14:35:40,XJ8507-无钢圈-牙白色,36B/80B,来自京东Android客户端,PLUS会员
拿回来就试了一下，很舒服，刚洗了一下，不错不错不错,2018-10-15 19:39:33,XJ7305-有钢圈-黑色,38D/85D,来自京东iPhone客户端,银牌会员
买来送人了，应该不错吧&hellip;&hellip;购物选买来送人了，应该不错吧&hellip;&hellip;购物选京东，京东放心购，性价比高，买来送人了，应该不错吧&hellip;&hellip;购物选买来送人了，应该不错吧&hellip;&hellip;购物选京东，京东放心购，性价比高,2018-10-22 17:06:47,XJ7305-有钢圈-风悦灰,36C/80C,来自京东iPhone客户端,PLUS会员
买了好几件，整体很满意，大牌子就是不一样，感觉这款比我买的另一款要松一些。,2018-11-04 17:32:36,XJ8501-无钢圈-风悦灰,36C/80C,来自京东Android客户端,PLUS会员
颜色还可以吧！没有色差，就是摸上去感觉不是很棉的，可能就和详情里介绍的面料款型的不同吧，但是买的5件文胸都是不是很棉的，这就说明网上的便宜是由面料来说话的，实体店里的贵，料子是看的见摸得着的，做活动下来100多一点，可能也就值这个价吧！,2018-10-20 14:19:26,XJ7305-有钢圈-风悦灰,34D/75D,来自京东Android客户端,金牌会员
很舒服，很透气，也不会勒到。在搞活动时下单的，很优惠，下次还值得入手。,2018-10-26 22:18:18,XJ8507-无钢圈-风悦灰,38E/85E,来自京东Android客户端,PLUS会员
没有色差，就是摸上去感觉不是很棉的，可能就和详情里介绍的面料款型的不同吧，但是买的5件文胸都是不是很棉的，这就说明网上的便宜是由面料来说话的，实体店里的贵，料子是看的见摸得着的，做活动下来100多一点，可能也就值这个价吧！,2018-10-20 14:18:23,XJ7305-有钢圈-粉灰,34D/75D,来自京东Android客户端,金牌会员
因为觉得舒服第二次回购了。颜色，质量都不错！,2018-11-02 20:07:40,XJ7305-有钢圈-黑色,34B/75B,来自京东Android客户端,PLUS会员
因为觉得舒服，第二次回购。颜色质量都不错！,2018-11-02 20:09:13,XJ7305-有钢圈-粉灰,34B/75B,来自京东Android客户端,PLUS会员
还没穿，还中带子宽，面积大，应该很舒服,2018-11-06 21:19:01,XJ7305-有钢圈-风悦灰,34B/75B,来自京东iPhone客户端,PLUS会员
非常满意，第一次购买，好下次在会光顾,2018-10-13 20:36:19,XJ7305-有钢圈-风悦灰,38D/85D,来自京东Android客户端,PLUS会员
洗了马上试穿，妈妈很喜欢,2018-10-25 20:14:38,XJ8507-无钢圈-黑色,34C/75C,来自京东iPhone客户端,PLUS会员
大品牌就是好，料子很舒服,2018-10-20 13:14:27,XJ7305-有钢圈-风悦灰,38B/85B,来自京东Android客户端,PLUS会员
本来买了一件灰色的挺好穿，接着追买了同款同码肉色的，可收到后一对比，尺码不合，肉色的比灰色的至少小了一个码，留下了，自己加个加长扣吧。不应该发生这样的情况的！,2018-10-24 14:25:18,XJ7305-有钢圈-棕色,38B/85B,来自京东iPhone客户端,钻石会员
"找了好久，终于找到一款适合自己的?
穿起来很舒服，面料也很好，比较薄，透气。
但杯的位置再厚点就好了?",2018-10-26 22:17:31,XJ8507-无钢圈-黑色,38E/85E,来自京东Android客户端,PLUS会员
之前刚上新款的时候就在店里买了一个，当时店里不打折，现在过了两年在网上买的，价格很便宜，质量是一样的。,2018-10-15 14:21:44,XJ7305-有钢圈-黑色,38C/85C,来自京东Android客户端,PLUS会员
欧迪芬聚拢文胸薄款女士蕾丝内衣调整型胸罩聚拢美背文胸 XJ8507-无钢圈-黑色 36C/80C,2018-10-26 12:02:54,XJ8507-无钢圈-粉灰,36C/80C,来自京东Android客户端,PLUS会员
宝贝下午收到，迫不急待的将三个胸罩都试穿了下，合适、满意，五星好评！还会继续关注,2018-10-14 19:33:49,XJ7305-有钢圈-中国红,34D/75D,,PLUS会员
底围挺准，算是舒适，大码也没什么所求了。。。就是杯能有再大一号的就好了。。。,2018-10-27 20:44:41,XJ7305-有钢圈-粉灰,38E/85E,来自京东iPhone客户端,PLUS会员
底围挺准，算是舒适，大码也没什么所求了。。。就是杯能有再大一号的就好了。。。,2018-10-27 20:44:30,XJ7305-有钢圈-黑色,38E/85E,来自京东iPhone客户端,PLUS会员
底围挺准，算是舒适，大码也没什么所求了。。。就是杯能有再大一号的就好了。。。,2018-10-27 20:44:22,XJ8507-无钢圈-黑色,38E/85E,来自京东iPhone客户端,PLUS会员
这个号码买之前一定要看尺寸，量好了再下单，做工很不错，号码也全，颜色不扎眼，挺柔和的,2018-11-03 20:18:45,XJ7305-有钢圈-粉灰,40E/90E,来自京东iPhone客户端,金牌会员
还没有穿 不知道效果 希望穿上觉得舒服嘛 整体外观还不错可以接受,2018-10-22 12:40:34,XJ7305-有钢圈-粉灰,36D/80D,来自京东iPhone客户端,PLUS会员
没得想象中的那么好呀 感觉一般般啦    价格也不怎么美丽,2018-10-22 12:39:33,XJ8501-无钢圈-风悦灰,36D/80D,来自京东iPhone客户端,PLUS会员
现在只穿你家内衣 舒服 谢谢店家送的收纳袋子 很实用 好评,2018-10-15 09:04:54,XJ7305-有钢圈-棕色,38C/85C,来自京东iPhone客户端,PLUS会员
现在只穿你家内衣 舒服 谢谢店家送的收纳袋子 很实用 好评,2018-10-15 09:04:23,XJ7305-有钢圈-粉灰,38C/85C,来自京东iPhone客户端,PLUS会员
还不错，一次买了三件，有优惠，价格美丽，希望质量能更美丽,2018-10-17 10:40:28,XJ7305-有钢圈-中国红,38C/85C,来自京东Android客户端,PLUS会员
还不错，一次买了三件，有优惠，价格美丽，希望质量能更美丽,2018-10-17 10:40:21,XJ8501-无钢圈-棕色,38C/85C,来自京东Android客户端,PLUS会员
还不错，一次买了三件，有优惠，价格美丽，希望质量能更美丽,2018-10-17 10:40:11,XJ8507-无钢圈-风悦灰,38C/85C,来自京东Android客户端,PLUS会员
给同事买的，内衣还可以吧，京东活动买的，价格相对便宜,2018-10-31 13:54:46,XJ7305-有钢圈-风悦灰,38C/85C,来自京东Android客户端,PLUS会员
做工不错，没有线头，号码齐全，面料柔软而且薄透气，挺舒适的，适合四季穿,2018-11-03 20:19:59,XJ7305-有钢圈-黑色,40E/90E,来自京东iPhone客户端,金牌会员
东西不错，别问为什么，因为我买了好多东西，都不错。,2018-10-23 18:58:05,XJ7305-有钢圈-粉灰,38B/85B,来自京东Android客户端,PLUS会员
样子好看，颜色也漂亮，穿着舒服，价格也还公道。,2018-10-18 07:15:47,XJ7305-有钢圈-风悦灰,34C/75C,来自京东Android客户端,PLUS会员
文胸收到了，试穿一下尺码标准合适，穿着舒服,2018-11-02 23:34:56,XJ8507-无钢圈-粉灰,38C/85C,来自京东Android客户端,PLUS会员
款式好看，不勒背，收副乳效果很好，肩带也宽。,2018-10-19 14:56:14,XJ7305-有钢圈-风悦灰,38B/85B,来自京东Android客户端,PLUS会员
款式好看，不勒背，收副乳效果很好，肩带也宽。,2018-10-19 14:56:05,XJ7305-有钢圈-棕色,38B/85B,来自京东Android客户端,PLUS会员
款式好看，不勒背，收副乳效果很好，肩带也宽。,2018-10-19 14:55:52,XJ7305-有钢圈-中国红,38B/85B,来自京东Android客户端,PLUS会员
我肩窄，买到不掉带的内衣不容易，这个能穿住,2018-10-25 17:53:14,XJ8507-无钢圈-风悦灰,38C/85C,,PLUS会员
价格便宜，东西好，物流快，快递小哥态度好。,2018-10-20 22:39:31,XJ7305-有钢圈-粉灰,36B/80B,来自京东iPhone客户端,PLUS会员
价格便宜质量还好，送货挺快，比超市方便,2018-11-05 08:56:41,XJ7305-有钢圈-棕色,34D/75D,来自京东iPhone客户端,PLUS会员
这个还行、就是买了女几次都一样、这次购买几个大小不一样好伤心,2018-10-15 12:32:29,XJ7305-有钢圈-粉灰,36D/80D,来自京东Android客户端,金牌会员
好好休息一下了。我的人生态度就是这样,2018-11-02 08:57:33,XJ7305-有钢圈-棕色,38C/85C,来自京东iPhone客户端,PLUS会员
很好  很不错       好好好好好,2018-10-16 15:00:22,XJ7305-有钢圈-粉灰,40B/90B,来自京东Android客户端,PLUS会员
大品牌，颜色好看，做工精细，值得购买,2018-10-18 07:58:12,XJ7305-有钢圈-风悦灰,36C/80C,来自京东iPhone客户端,PLUS会员
很好，很不错，一下子买了三件 很不错,2018-10-16 14:59:25,XJ7305-有钢圈-中国红,40B/90B,来自京东Android客户端,PLUS会员
下次再光顾的哟！下次再光顾的哟！,2018-10-24 20:16:22,XJ7305-有钢圈-粉灰,38E/85E,来自京东Android客户端,PLUS会员
下次再光顾的哟！下次再光顾的哟！,2018-10-24 20:16:14,XJ7305-有钢圈-风悦灰,38E/85E,来自京东Android客户端,PLUS会员
物廉价美物流快，京东购物就是好！,2018-10-17 10:46:26,XJ8507-无钢圈-粉灰,34C/75C,来自京东Android客户端,PLUS会员
不同颜色同一尺寸，大小正合适，又赶上优惠，觉得很值,2018-10-20 11:26:33,XJ7305-有钢圈-风悦灰,40B/90B,来自京东Android客户端,钻石会员
还不错聚拢效果好，就是有点厚了,2018-10-18 23:01:47,XJ7305-有钢圈-风悦灰,36C/80C,来自京东Android客户端,PLUS会员
性价比高，还不错，就是有点厚。,2018-10-17 19:49:11,XJ7305-有钢圈-黑色,34D/75D,来自微信购物,PLUS会员
性价比高，还不错，就是有点厚。,2018-10-17 19:48:47,XJ7305-有钢圈-棕色,34D/75D,来自微信购物,PLUS会员
胖丫用的，还不错，胖丫能买到合适的码不容易啊！,2018-11-06 10:05:45,XJ8507-无钢圈-牙白色,40B/90B,来自京东iPhone客户端,钻石会员
质量可以，用后再来评价吧！,2018-11-04 14:47:31,XJ8507-无钢圈-风悦灰,36B/80B,来自京东Android客户端,PLUS会员
买了不同颜色的，大小正合适，又赶上优惠，觉得很值,2018-10-20 11:24:57,XJ7305-有钢圈-棕色,40B/90B,来自京东Android客户端,钻石会员
京东出品 值得信赖 非常不错,2018-10-17 10:36:44,XJ8507-无钢圈-风悦灰,38C/85C,来自京东Android客户端,PLUS会员
这款蕾丝的还蛮舒服的，很喜欢,2018-10-14 08:56:42,XJ7305-有钢圈-风悦灰,34B/75B,来自京东Android客户端,PLUS会员
一直穿这个牌子的，还不错,2018-11-07 08:04:40,XJ8507-无钢圈-风悦灰,34B/75B,来自京东iPhone客户端,PLUS会员
京东东西挺好的，一直在京东上买东西，好评！！！,2018-10-24 17:05:50,XJ7305-有钢圈-风悦灰,38E/85E,,钻石会员
促销时候购买的，还行吧,2018-11-07 16:20:33,XJ7305-有钢圈-粉灰,40E/90E,,PLUS会员
胸罩质量不错，我很满意,2018-11-04 21:00:32,XJ7305-有钢圈-棕色,36B/80B,来自京东Android客户端,PLUS会员
尺码很正，款式简洁，好看,2018-10-18 23:15:33,XJ7305-有钢圈-风悦灰,38B/85B,来自京东iPhone客户端,PLUS会员
质量还可以 ，用起来不错,2018-10-18 17:33:33,XJ7305-有钢圈-粉灰,38B/85B,来自京东Android客户端,PLUS会员
质量还可以 ，用起来不错,2018-10-18 17:33:28,XJ7305-有钢圈-黑色,40B/90B,来自京东Android客户端,PLUS会员
质量还可以 ，用起来不错,2018-10-18 17:33:22,XJ8507-无钢圈-风悦灰,40B/90B,来自京东Android客户端,PLUS会员
同款同号不同色买了3件，穿着合适，满意。,2018-10-31 09:50:37,XJ7305-有钢圈-粉灰,40B/90B,来自京东Android客户端,钻石会员
活动时买的，价格超实惠~,2018-10-17 16:12:39,XJ7305-有钢圈-风悦灰,38B/85B,,PLUS会员
不错，应该赞赞，这东东真是不比不知道一比吓一跳，一比高下立判，真是不一样。,2017-11-17 13:39:06,黑色,36B/80B,来自京东Android客户端,钻石会员
很好的一次购物，在京东上购物就就是放心。,2018-10-25 00:55:11,XJ8501-无钢圈-粉灰,38B/85B,来自京东Android客户端,钻石会员
喜欢 很好之间 比之前买的穿着舒服,2018-10-30 12:30:47,XJ8501-无钢圈-粉灰,34B/75B,来自京东iPhone客户端,银牌会员
一次买了几个为什么胸罩杯大小不一样.,2018-10-15 12:30:21,XJ7305-有钢圈-风悦灰,36D/80D,来自京东Android客户端,金牌会员
一直穿用的品牌，很好，很舒适！,2018-10-31 21:42:47,XJ7305-有钢圈-黑色,40C/90C,来自京东Android客户端,银牌会员
穿着舒适，做工质量都很好，喜欢,2018-10-23 14:35:42,XJ7305-有钢圈-风悦灰,38B/85B,来自京东Android客户端,铜牌会员
买了两件一样的！买三免一买的！,2018-10-22 15:29:01,XJ8507-无钢圈-粉灰,34C/75C,来自京东Android客户端,钻石会员
聚拢效果很好，款式也不错，舒服,2018-10-20 18:27:53,XJ7305-有钢圈-中国红,36C/80C,来自京东Android客户端,钻石会员
聚拢效果非常好，穿着很舒服,2018-10-20 18:27:07,XJ7305-有钢圈-牙白色,36C/80C,来自京东Android客户端,钻石会员
质量挺好的，就是太薄了,2018-10-30 08:22:45,XJ8507-无钢圈-风悦灰,36C/80C,来自微信购物,银牌会员
质量挺好的，就是太薄了,2018-10-30 08:21:49,XJ8507-无钢圈中国红,36C/80C,来自微信购物,银牌会员
买了好几次、感觉挺好的,2018-10-15 12:28:13,XJ7305-有钢圈-棕色,36D/80D,来自京东Android客户端,金牌会员
我喜欢这个品牌的内衣,2018-10-26 00:42:48,XJ7305-有钢圈-风悦灰,38C/85C,,金牌会员
质量可以，不错的选择,2018-10-20 21:57:46,XJ8507-无钢圈-黑色,36C/80C,来自京东iPhone客户端,钻石会员
好穿，好穿，好穿！,2018-11-01 22:01:42,XJ7305-有钢圈-风悦灰,38D/85D,来自京东iPhone客户端,金牌会员
穿着舒适，尺寸标准,2018-10-25 19:29:57,XJ8507-无钢圈-黑色,36D/80D,来自京东iPhone客户端,钻石会员
质量很好，面料舒服,2018-10-17 22:19:51,XJ7305-有钢圈-风悦灰,38C/85C,来自京东Android客户端,钻石会员
号大了，怎么调换,2018-10-24 13:13:06,XJ7305-有钢圈-粉灰,40D/90D,来自京东Android客户端,银牌会员
内衣穿着舒服，,2018-10-17 13:29:20,XJ7305-有钢圈-棕色,40D/90D,来自京东Android客户端,PLUS会员
码子偏大，侧收效果不好,2018-10-18 23:13:46,XJ7305-有钢圈-粉灰,38C/85C,来自京东Android客户端,PLUS会员
穿着很舒服,2018-10-30 08:20:55,XJ8501-无钢圈-粉灰,36C/80C,来自微信购物,银牌会员
穿着舒服，,2018-10-17 22:19:24,XJ7305-有钢圈-棕色,38C/85C,来自京东Android客户端,钻石会员
我不知道是不是正品！这款内衣是钢圈的，试穿可以了下，钢圈碰到了胸部不舒服。肩带那有两条不合理，服务态度可以，让退换不过我是懒得退，跑那么远那个快递！在千奈美家买了一款价位合理穿着挺舒服，灰色是别人家的,2018-06-12 20:00:53,棕色,40B/90B,来自京东Android客户端,铜牌会员
此用户未填写评价内容,2018-06-26 08:01:35,棕色,38B/85B,来自京东Android客户端,金牌会员
侧收效果不好,2018-10-18 23:13:58,XJ7305-有钢圈-粉灰,40C/90C,来自京东Android客户端,PLUS会员
花几百元的内衣，穿一次就掉色成这样，真是心烦。,2018-10-09 20:12:37,XJ7305-有钢圈-黑色,38C/85C,来自京东iPhone客户端,银牌会员
感觉有点发黄，不是那么新的感觉，将就穿吧,2018-02-09 10:34:04,风悦灰,34B/75B,来自京东Android客户端,金牌会员
很薄 下胸围有点紧 罩杯有点小,2017-10-10 16:30:24,黑色,34B/75B,来自京东iPhone客户端,银牌会员
其他都好，就是有一股臭味，洗完晒干还是有一股浓浓的味道，买了都不敢穿了。,2018-08-15 10:30:18,XJ8501-无钢圈-棕色,34C/75C,来自京东iPhone客户端,PLUS会员
这款适合大胸吧，小胸容易空杯，跟价格不成比例，这次买的都不太满意,2018-05-16 20:02:13,风悦灰,34B/75B,来自京东iPhone客户端,金牌会员
你们的东西都这样吗？ 看着就像是用过的一样 而且我的备注是2月14号 你提前几天就送到了 东西又不咋的  还想有以后..只能给差,2018-02-10 17:54:07,粉灰,36D/80D,来自微信购物,银牌会员
东西可以，就是没到货就降价，这水太深了！,2017-11-13 08:26:01,风悦灰,34B/75B,来自京东Android客户端,PLUS会员
商品和实际正常买的尺寸差距这么大，根本没法穿，客服处理好像机器人，态度假装很好，其实不看别人说了什么就反复回同样的消息，我真怀疑好评是不是刷出来的，呵呵，这么多的的网购，最让人无语差劲的一次。,2018-02-04 20:31:26,黑色,38C/85C,来自京东iPhone客户端,银牌会员
客服十分垃圾。买的带钢圈的里面没有。质量有问题。而且买的另外三个有一个洗过一次蕾丝上都是毛毛。上身太胖的不要买。下面变形而且累着腰喘不过气,2018-08-03 20:40:17,XJ8507-有钢圈-风悦灰,38D/85D,来自京东iPhone客户端,PLUS会员
商品和实际正常买的尺寸差距这么大，根本没法穿，客服处理好像机器人，态度假装很好，其实不看别人说了什么就反复回同样的消息，我真怀疑好评是不是刷出来的，呵呵，这么多的的网购，最让人无语差劲的一次。,2018-02-04 20:31:44,粉灰,38C/85C,来自京东iPhone客户端,银牌会员
很舒服,2018-10-25 20:28:49,XJ7305-有钢圈-风悦灰,38B/85B,来自京东Android客户端,PLUS会员
很舒服,2018-10-25 20:28:32,XJ7305-有钢圈-牙白色,38C/85C,来自京东Android客户端,PLUS会员
好用。,2018-10-31 19:15:45,XJ7305-有钢圈-风悦灰,38D/85D,来自京东Android客户端,钻石会员
挺好的,2018-10-28 11:22:17,XJ7305-有钢圈-粉灰,40B/90B,来自京东iPhone客户端,钻石会员
还可以,2018-10-22 16:57:14,XJ8501-无钢圈-棕色,36C/80C,来自京东Android客户端,金牌会员
尺码不准，很有道理，批量生产，差异存在合理，尺码不要和别家比，他们家有自己的尺码标准，那身材是不是要拿你们家标准量身定做?,2017-10-03 22:24:44,风悦灰,36B/80B,来自京东Android客户端,银牌会员
无钢圈内衣偏大，很多。换货态度差，不积极对应。,2018-10-09 20:14:47,XJ8507-无钢圈-风悦灰,38C/85C,来自京东iPhone客户端,银牌会员
居然发邮政，同一个市内快递了3天，真是服了,2018-02-06 20:07:40,粉灰,34C/75C,来自京东Android客户端,PLUS会员
不行，感觉不像正品,2018-08-28 18:58:33,XJ7305-有钢圈-黑色,34B/75B,来自京东iPhone客户端,银牌会员
不好穿，收腹效果太差,2018-02-26 10:51:51,粉灰,36B/80B,来自京东Android客户端,银牌会员
有点旧 型有点变,2018-06-12 09:44:06,粉灰,36D/80D,来自京东Android客户端,铜牌会员
发错货了还。,2018-07-23 11:21:36,XJ8507-有钢圈-牙白色,36D/80D,来自微信购物,PLUS会员
不过,2018-10-18 17:32:38,XJ8501-无钢圈-棕色,40B/90B,来自京东Android客户端,PLUS会员
不错,2018-10-18 17:28:24,XJ8507-无钢圈-风悦灰,38B/85B,来自京东Android客户端,PLUS会员
买了两件，拍同一个号，两件大小差的不是一点点大呀，给人一种不正规的感觉，差评,2018-06-22 00:08:22,风悦灰,34D/75D,来自京东iPhone客户端,银牌会员
内衣穿起来不错，半价买的，特别划算，有钢圈，但是感觉不出来，还算舒服，比较便宜，不过是都市丽人下边的一个小牌子，没听过。,2018-11-05 22:30:11,肤色,34/75B杯,来自京东Android客户端,PLUS会员
内衣穿起来不错，半价买的，特别划算，有钢圈，但是感觉不出来，还算舒服，比较便宜，不过是都市丽人下边的一个小牌子，没听过。,2018-11-05 22:29:51,银灰,32/70B杯,来自京东Android客户端,PLUS会员
内衣穿起来不错，半价买的，特别划算，有钢圈，但是感觉不出来，还算舒服，比较便宜，不过是都市丽人下边的一个小牌子，没听过。,2018-11-05 22:29:32,银灰,36/80B杯,来自京东Android客户端,PLUS会员
内衣穿起来不错，半价买的，特别划算，有钢圈，但是感觉不出来，还算舒服，比较便宜，不过是都市丽人下边的一个小牌子，没听过。,2018-11-06 11:21:55,黑色,32/70B杯,来自京东Android客户端,PLUS会员
不错穿着刚好，很满意,2018-10-09 15:59:57,嫣紫,36/80B杯,来自京东Android客户端,铜牌会员
搞活动的时候买的 超级划算 还会回购,2018-10-25 08:26:22,肤色,34/75B杯,来自京东iPhone客户端,PLUS会员
文胸还行吧，戴着比较贴胸，价格实惠,2018-10-26 23:26:18,肤色,34/75B杯,来自京东iPhone客户端,PLUS会员
特别棒，而且超喜欢，一直认准都市丽人，价格特别便宜。,2018-10-24 23:51:00,肤色,34/75B杯,来自京东Android客户端,银牌会员
这件不错，价格实惠，也很舒服,2018-10-28 10:38:15,肤色,34/75B杯,来自京东iPhone客户端,金牌会员
这个是丝语系列的，实体店的人告诉过我丝语系列是聚拢效果比较好的，都市丽人的内衣已经穿很久了，价位合适，质量也行，就是希望详情页能展示一下吊牌这些东西，另外一个是俪人系列的，明显感觉没有这个聚拢效果好,2018-11-04 23:53:44,黑色,36/80B杯,来自京东Android客户端,银牌会员
发货速度快，做活动买的，价格实惠，比较满意。,2018-11-03 14:27:31,肤色,34/75B杯,来自京东Android客户端,PLUS会员
一直都是穿都市丽人内衣，这款还不错软软的好穿,2018-10-23 17:34:44,肤色,34/75B杯,来自京东Android客户端,银牌会员
不错不错，还没穿，但是摸起来还可以。,2018-10-26 14:09:35,肤色,34/75B杯,来自京东Android客户端,银牌会员
加起来买了同款三件了，还是不错的。,2018-10-26 14:08:55,肤色,34/75B杯,来自京东Android客户端,银牌会员
质量不算好，反正便宜吗，感觉做工相当粗糙，像是没完活的感觉，跟图片的感觉一点都不一样，唉就这样吧，也没退，也没穿过呢,2018-11-01 13:26:14,肤色,34/75B杯,来自京东Android客户端,PLUS会员
两件买的很划算 用劵半价 厚款聚拢型,2018-10-30 20:49:14,肤色,36/80B杯,来自京东Android客户端,PLUS会员
一直都买都市丽人，质量很棒，内衣不错，无痕轻薄舒服，活动价很划算。,2018-11-06 23:07:22,肤色,34/75B杯,来自京东Android客户端,PLUS会员
活动买的，很便宜，质量还行，比较满意,2018-11-05 23:50:26,肤色,34/75B杯,来自京东Android客户端,PLUS会员
怎么昨晚买就是49元，今晚买就是69元了，到底怎么回事,2018-11-04 21:31:13,肤色,34/75B杯,来自京东Android客户端,银牌会员
很好，给老婆买的，说是很合适，方便,2018-10-28 07:20:53,肤色,34/75B杯,来自京东Android客户端,PLUS会员
昨天晚上买的今天下午就到了产品不错以后就关注这家了,2018-11-02 21:16:24,肤色,34/75B杯,来自京东Android客户端,铜牌会员
挺好的，摸起来质量很好，还没穿，感觉有一点买小了,2018-11-05 06:47:17,肤色,34/75B杯,来自京东Android客户端,金牌会员
东东真的很好，物超所值。,2018-10-28 21:58:13,肤色,34/75B杯,来自京东Android客户端,PLUS会员
一般般吧，没想象的那么好,2018-10-25 14:51:24,肤色,34/75B杯,来自京东iPhone客户端,PLUS会员
个人不喜欢太厚的，觉得有点厚，但是还不错,2018-11-02 11:41:56,肤色,34/75B杯,来自京东Android客户端,银牌会员
还可以性价比高的吓人,2018-10-27 20:57:04,肤色,34/75B杯,来自京东iPhone客户端,PLUS会员
还可以，就是有点紧，适合胸小的。,2018-10-25 16:19:33,肤色,34/75B杯,来自京东Android客户端,金牌会员
这款内衣很好，价格合理，不错！,2018-10-25 21:33:52,肤色,34/75B杯,来自京东Android客户端,金牌会员
一直在买这个牌子的，穿着舒服,2018-11-01 14:21:23,肤色,34/75B杯,来自京东Android客户端,银牌会员
质量挺好，感觉还是不错的。,2018-11-07 11:53:54,肤色,34/75B杯,来自京东Android客户端,银牌会员
京东自营的放心！东西又好！快递很快！服务态度很好！一直支持京东,2018-04-04 16:30:06,黑色,34B/75B,来自京东Android客户端,PLUS会员
穿起来很合适，手感也不错，性价比比较高，很满意，还会再来,2018-06-18 20:09:37,珍珠肤,36B/80B,来自京东Android客户端,PLUS会员
质量杠杠滴！喜欢！活动时买入，价格实惠！,2018-03-12 19:58:21,黑色,36A/80A,来自京东iPhone客户端,金牌会员
质量杠杠滴！喜欢！活动时买入，价格实惠！,2018-03-12 19:57:31,白蜡灰,36A/80A,来自京东iPhone客户端,金牌会员
物流一般，等了几天收到，怕双十一更慢，所以提前买了，希望不要比双十一贵太多，内衣质量没的说，舒服，号微偏大。颜色好看，收副乳光面简约。,2017-10-31 17:48:42,杏黄色,38C/85C,来自京东iPhone客户端,PLUS会员
大小正好，喜欢这牌子内衣,2017-12-12 13:20:19,珍珠肤,36C/80C,来自京东Android客户端,银牌会员
喜欢，太喜欢了,2017-12-12 13:21:11,黑色,36C/80C,来自京东Android客户端,银牌会员
这个不错，穿着很舒服，码子也合适，价格很美丽，一次买了很多，以后还会回购的哈,2018-09-03 15:27:01,黑色,34B/75B,来自京东Android客户端,PLUS会员
质量手工都还好，试穿了一下，还算合适，倒也不像别人说的&ldquo;欧迪芬&rdquo;的文胸怎么怎么好，不似预期中那么那么好，可也算满意的一次购物。包装盒封口处胶带粘性不够没封上，还好外套袋子不然东西都掉出来了。物流四天。,2017-11-03 15:13:37,珍珠肤,38B/85B,,PLUS会员
东西看起来还行质量要用了才知道，换货要出来回运费,2018-10-11 22:38:51,黑色,34B/75B,来自京东Android客户端,PLUS会员
产品很好，很适合夏天的。,2018-07-08 11:17:56,深紫灰,75B/34B,来自京东Android客户端,PLUS会员
非常满意，夏天穿内衣厚的太捂得慌，找了好久夏天穿薄而不显胸小的，这次买来试试，太符合我的要求了，必须立即给好评，再说快递小哥，大热天给送到家门口也得给点赞?,2018-06-20 17:20:50,深紫灰,80B/36B,来自京东iPhone客户端,PLUS会员
试了一下穿着很舒适，质量也好，值得购买,2018-03-17 22:09:35,深紫灰,80B/36B,来自京东iPhone客户端,PLUS会员
因为相信，所以选择，感受到了老公的爱，为我选了这么多好看的内衣，衣服质量没得说，穿上好看又舒服,2018-07-03 16:17:43,肤色,85D/38D,来自京东Android客户端,PLUS会员
大胸用的刚好。很漂亮，小胸要用插垫。很溥,2018-11-02 07:45:19,灰绿色,80B/36B,来自京东iPhone客户端,钻石会员
质量很好，很柔软，下次还会再买,2018-06-22 20:46:45,深紫灰,80B/36B,来自京东Android客户端,金牌会员
这个内衣很不错，大小合适，质量很好。老婆很喜欢。,2018-11-05 20:29:18,深紫灰,80B/36B,来自京东Android客户端,钻石会员
很少在网上买内衣，还怕买到质量不好，也怕不能穿，拿回来迫不及待的拆开来看了！没想到质量比我想象中的还要好，试穿了也很合身，而且还比实体店便宜，满意，好东西值得给大家推荐,2018-10-28 22:32:52,深紫灰,80B/36B,来自京东Android客户端,铜牌会员
内衣收到了，质量很好，尺码标准，穿上正合适。料子很舒服，挺聚拢的，也不会有压迫感，卖家服务很好，很有耐心，物流也可以，满意好评,2018-10-31 10:49:16,深紫灰,80B/36B,来自京东Android客户端,银牌会员
此用户未填写评价内容,2018-07-02 03:46:43,深紫灰,85B/38B,来自京东Android客户端,PLUS会员
这个牌子的内衣买过几次了，质量的确不错，一直很喜欢，面料舒服，聚拢效果好，款式也漂亮，还会再来的！,2018-10-29 07:49:35,深紫灰,80B/36B,来自京东Android客户端,银牌会员
很好，很满意，物流很快，快递小哥人挺好的&hellip;&hellip;内衣没有差色，摸起来手感也不错，穿着也很好&hellip;&hellip;,2018-10-30 22:40:00,深紫灰,80B/36B,来自京东iPhone客户端,铜牌会员
第二次购买了，质量很好，我很喜欢。穿着比那些大牌的还舒服。这价格真的值得拥有。,2018-11-06 10:03:33,深紫灰,80B/36B,来自京东Android客户端,银牌会员
质量还是一如既往的好，穿着舒服不变形！这次价格便宜了好多，又下手了一件??,2018-11-05 15:19:09,深紫灰,80B/36B,来自京东Android客户端,银牌会员
今天买明天下午就到了，质量很不错哦，喜欢的亲亲可以赶紧拍，嘻嘻我这边再拍三件。,2018-11-03 20:49:29,深紫灰,80B/36B,来自微信购物,铜牌会员
价格便宜，发货快，质量好，上身效果不错，洗了也没掉色，没变形，非常满意。,2018-11-06 10:50:41,深紫灰,80B/36B,来自京东Android客户端,银牌会员
大爱她家内衣，上身舒适，不勒，聚拢效果好，会继续回购,2018-11-04 23:29:13,深紫灰,80B/36B,来自京东Android客户端,PLUS会员[试用]
货已收到，质量挺好的，颜色超正，还有谢谢卖家送的小礼物，下次还来你家。,2018-11-01 13:30:06,深紫灰,80B/36B,来自京东Android客户端,铜牌会员
宝贝非常不错，质量很好，做工也不错，穿着很舒服，和卖家描述的一样。,2018-10-28 13:00:18,深紫灰,80B/36B,来自京东Android客户端,银牌会员
内衣穿上舒服 有聚拢效果 面料柔软。做工不错。颜色好看。快递快。,2018-11-07 17:41:34,深紫灰,80B/36B,来自京东iPhone客户端,钻石会员
京东的服务就是好，送货上门的，超级方便，全五分，听了店家的建议，推荐给我的尺码选的正合适。无钢圈的穿着很舒服，虽然是薄杯的，而且聚拢效果很好，穿着舒服颜色也比较素雅，真心的喜欢呢。,2017-12-25 10:31:03,银灰色,75B,来自京东iPhone客户端,PLUS会员
买回已经穿了好几次了，内衣穿上很贴身，而且修饰的胸型特别好，比较适合我的胸型，我第一次买这一种内衣穿就是在梦芭蒂，以前都是买有钢圈的，原来无钢圈的内衣是这么舒服，最关键是薄款穿在身上乳沟也出来了哦，而且就算穿一天肩带都不会往下掉，，衣服挺好的，质量也超好。对得起物美价廉这几个字，还在犹豫的可以下手！,2017-12-07 13:12:43,银灰色,75B,来自微信购物,金牌会员
一直都很喜欢她们家的内衣，不容易变形，质量挺好的。,2018-03-22 16:00:17,银灰色,75B,来自京东iPhone客户端,PLUS会员
收到货了，包装很好，没有破损，内衣款式质量很好，来了两次啦，非常喜欢。,2018-03-20 10:24:16,银灰色,75B,来自京东iPhone客户端,钻石会员
尺码很准，质量和做工也不错，比较透气，发货挺快的。,2018-03-09 15:38:47,银灰色,75B,来自京东iPhone客户端,PLUS会员
宝贝收到。物流给力。很薄。穿着很舒服 很喜欢,2018-05-20 15:57:10,银灰色,75B,来自京东iPhone客户端,银牌会员
女友说挺好的，性价比挺高的，会继续关注！,2018-05-19 19:00:52,银灰色,75B,来自京东Android客户端,PLUS会员
文胸已经收到了，很不错，隆胸特别好，很舒服，值得购买！！,2017-12-28 08:30:46,银灰色,75B,来自京东Android客户端,铜牌会员
买之前担心不合适，收到宝贝后大爱，质量手感都很好，比实体店实惠，值得购买。,2017-11-18 22:48:10,银灰色,75B,来自京东Android客户端,银牌会员
快递还不错，产品手感挺好的。薄的，正好夏天穿,2018-05-08 17:27:28,银灰色,75B,来自京东Android客户端,金牌会员
一直是梦芭蒂的忠实粉丝，内衣上身舒适度高，没有束缚感，面料柔软透气，就像没穿一样才是最高境界！而且价位适合大众，本来内衣就是易耗品，好而不贵才是最好的选择，而梦芭蒂就让我永远的跟随着,2018-10-12 15:26:57,银灰色,75B,来自京东Android客户端,铜牌会员
尺码标准，大小正好，面料很薄很软，适合夏天穿。,2018-05-16 18:55:40,银灰色,75B,来自京东iPhone客户端,PLUS会员
内衣质量很一般。做工粗糙，好多线头。都不像是正品。感觉也就是跟外面几十块钱的差不多做工质量。哎，这一次购物很失望。,2018-08-21 16:51:22,银灰色,80C,来自京东Android客户端,PLUS会员
"质量非常好，与卖家描述的完全一致，非常满意,真的很喜欢，完全超出期望值，发货速度非常快，包装非常仔细、严实，物流公司服务态度很好，运送速度很快，很满意的一次购物&hellip;&hellip;舒服，压胸&hellip;&hellip;还行，大小正合适，穿起来很舒服，感觉跟没穿一样，面料也不错，喜欢",2018-10-31 11:29:51,银灰色,75B,来自京东iPhone客户端,银牌会员
无钢圈的，但是做工太到位了，不会跑杯，而且聚拢效果特别好，很性感，银灰色的和图片一样美，没有色差，她家的内衣穿时间长了也不会变形，长期顾客,2018-11-06 15:31:30,银灰色,75B,来自京东Android客户端,铜牌会员
内衣确实不错，质量很好，面料摸起来很丝滑很有质感，上身收副乳效果好，不用担心副乳外漏。下水了也没有褪色，价格也很优惠，真心值得拥有,2018-11-03 08:27:53,银灰色,75B,来自京东Android客户端,银牌会员
收到内衣了呢，质量超级棒超级棒，物流速度很快啦，很喜欢梦芭蒂家的内衣，质量有保障，很好穿呢，好看又好穿，活动优惠力度不错，喜欢。,2018-11-01 12:59:26,银灰色,75B,来自京东Android客户端,金牌会员
卖家太给力了发货快！收到快递立即打开看了看质量很好面料很柔软，做工很精致！洗了洗不掉色符合图案描述一致值得信赖的商家值得收藏&hellip;&hellip;,2018-11-03 12:14:01,银灰色,75B,来自京东Android客户端,铜牌会员
买了不止一次了，这次给妈妈买的，上次买的穿着很舒服，质量还是一样的好，穿上聚拢效果好，妈妈也很喜欢，以后买内衣就买你家了,2018-11-06 15:42:46,银灰色,75B,来自京东iPhone客户端,银牌会员
宝贝收到了，商家发货速度快服务态度也很好，包装完好无损物流很给力！这款内衣质量还不错，穿着很舒服尺码标准，值得购买,2018-11-04 08:37:14,银灰色,75B,来自京东Android客户端,金牌会员
京东自营产品不错，送货速度快，质量好。挺满意的。,2018-09-18 13:10:31,经典前扣粉肤,B杯,来自京东iPhone客户端,PLUS会员
物流真的超级快，很快就收到东西了，摸着很舒服还没用，不知道效果怎么样？,2018-10-30 23:46:31,经典前扣粉肤,B杯,来自京东iPhone客户端,PLUS会员
这包装，认真的吗(⊙x⊙;)，看评论已经很多买家吐槽包装了┐(&lsquo;～`；)┌，我还以为我大京东会改进一下的，too young too simple，不过内衣摸起来软软滑滑的，挺舒服，具体用过再追评,2018-11-06 19:52:36,经典前扣粉肤,B杯,来自京东Android客户端,银牌会员
去厦门拍婚纱照买的，挺好的，很热，化妆师给粘了一圈胶带，出了很多汗，摘下来的时候挺紧的还！,2018-11-01 00:17:06,经典前扣粉肤,B杯,来自京东iPhone客户端,PLUS会员
买来拍婚纱照用，不是很好用的感觉，一次性用品吧,2018-10-29 11:58:26,经典前扣粉肤,B杯,来自京东Android客户端,PLUS会员
买来拍婚纱照 稍微小的可以买加厚款的 这款感觉薄薄的 粘性还可以 中间有轻微起来 但是还是坚持到了晚上,2018-11-03 07:05:28,经典前扣粉肤,B杯,来自京东iPhone客户端,PLUS会员
买来拍婚纱照用的，没想到质量还不错，拍了一天，没有一点掉的感觉，很贴皮肤，而且摸着好柔软，快递速度也快！！！,2018-11-04 01:51:54,经典前扣粉肤,B杯,来自京东Android客户端,银牌会员
不掉，但就是外包装感觉有人恶意破坏，已经跟店家反馈，店家态度超赞帮忙解决了，退了两个比较严重，留一个拍婚纱照，不掉还可以吧,2018-11-03 10:58:58,经典前扣粉肤,C杯,来自京东Android客户端,PLUS会员
等着用，所以从京东买，快递真是没得说，正好赶上，今下午去拍照片，带上美美哒，大爱！,2018-10-31 13:23:39,经典前扣粉肤,B杯,来自京东iPhone客户端,银牌会员
挺好的，比较服帖，去拍婚纱买的，带了一天都没有滑下来之类的，可以购买的。,2018-10-28 23:51:53,经典前扣粉肤,B杯,来自京东Android客户端,银牌会员
东西已经用过了，我觉得挺好的，一天都粘的劳劳的，揭下来时也不觉得疼,2018-11-06 08:17:03,经典前扣粉肤,B杯,来自京东Android客户端,金牌会员
还没来得及用，买来拍婚纱照的，希望好用吧,2018-10-30 08:23:19,经典前扣粉肤,B杯,来自京东iPhone客户端,PLUS会员
拍孕妇照买的，效果很好，很粘不容易掉。,2018-11-06 13:19:41,经典前扣粉肤,B杯,来自京东iPhone客户端,PLUS会员[试用]
很好，值得购买，放心购，，，，,2018-10-29 23:18:29,经典前扣粉肤,B杯,来自京东Android客户端,PLUS会员
母女车头面试了怕死@铜冶镇,2018-10-28 19:09:33,经典前扣粉肤,B杯,来自京东Android客户端,PLUS会员
真的很不错，推荐大家购买。,2018-11-01 07:46:02,经典前扣粉肤,B杯,来自京东Android客户端,PLUS会员
跟图片上一样，应该还不错,2018-10-31 15:04:12,经典前扣粉肤,B杯,来自京东Android客户端,PLUS会员
拍婚纱照买的，比较服帖,2018-11-05 09:42:16,经典前扣粉肤,B杯,来自京东iPhone客户端,PLUS会员
很好很不错～。～～～,2018-10-31 10:18:05,经典前扣粉肤,B杯,来自京东iPhone客户端,PLUS会员
喜欢，好穿舒服，平时总是选大牌子购买,2018-11-05 09:17:02,经典前扣粉肤,B杯,来自京东Android客户端,钻石会员
宝贝收到了，物流很快，试穿了一下，很舒服，弹性大，我喜欢运动，准备再买几件，换着穿，超赞?,2018-02-01 15:17:24,肤色,M,来自京东Android客户端,银牌会员
二次的订购 还是让人这么满意 点赞?,2018-06-04 13:00:23,黑色,M,来自京东iPhone客户端,PLUS会员
内衣穿上好舒服就和没穿一样舒服，对比了无数家，最后才选择了这家，面料也很舒服，看到销量不错，评价也挺好，就抱着试试的心态买了，面料很舒适，清爽透气，面料超舒适，清爽透气，一体式设计，没有背扣，秒脱秒穿有多爽你造吗无痕无钢圈，让我彻底体验了没有bra般的轻松自由，高品质体验，收到的时候包装完整，质量也是杠杠滴，卖家服务态度真的是很好，服务一流，很耐心,2018-03-07 15:56:47,肤色,M,来自京东Android客户端,金牌会员
店家服务态度好，而且发货快，物流也特别给力！面料柔软，轻轻的摸上去超级舒服，手感很好，做工也非常精致，回家试穿了，尺码刚刚好，码数很标准，上身特别舒服，感觉好像没有穿内衣一样，超级满意的 打算再购买几件轮流穿，真的特别不错，会推荐给朋友的。穿在身上舒服，根本不想脱下来，聚拢效果非常不错，重点是收副乳，款式新颖，喜欢，好评666,2017-12-24 10:52:44,肤色,M,来自京东Android客户端,PLUS会员[试用]
很惊喜，质量挺好的，和图片一样，第一次穿这样的内衣，很舒服，真的像评论说的一样比较 舒服像没穿内衣一样，很好穿，没有钢圈，摸起来凉凉的，很舒服的料子，内衣很轻薄，柔软丝滑，上身的效果可以很好的展现我的身材，非常非 常舒服,2018-06-17 15:29:31,肤色,M,来自微信购物,铜牌会员
这个真的是我穿过最舒服的内衣，无论是运动的时候还是平时穿都可以，也不会容易变形，穿着透气没有束缚感特别舒服，里面的海绵还可以拿出来呢。上身效果很好，里面的海绵质量特别好，号码很合适，穿起来很舒服，卖家服务态度很好，快递速度很快，颜色很正，肩带很宽不掉带子。超舒服像没穿一样，不想穿肩带的文胸了，解决我多年肩带老掉的难题，哈哈哈，已经洗过了，也没掉色，客服态度也很好，物流也挺快的。总之很喜欢，值得购买，会再回购的。,2018-04-18 12:26:37,肤色,M,来自京东iPhone客户端,银牌会员
穿上挺舒服的，买一送一还送小礼物（小镜子量衣尺），超值哦,2018-04-16 10:18:55,肤色,M,来自京东iPhone客户端,PLUS会员
宝贝与卖家描述相符，卖家服务态度很好，我买东西比较小心，会问很多细节的问题，内衣更加是，买内衣可不能随便呢，宝贝到手就快快拆开看了，料子很舒服，里面的可以拆卸，很好。穿了几天了，上身效果很好，很服帖不会肋，聚拢显身材，还收副乳哦，还会再来的,2018-02-05 16:51:59,肤色,M,来自京东Android客户端,铜牌会员
聚拢无敌，主要是设计的太好看了，胸罩颜色穿上感觉很优雅，内衣很好，舒服又显得胸很大，一点看不出空的感觉，难得的尺寸大又舒服，质量超出想象，洗了不变形不褪色，意外的好！就喜欢这种厚度很舒服的，面料很软，不会扎皮肤，对于我这种敏感性肌肤的太合适了，自信心十足。内衣很服帖哦，手感摸着好舒服哦，质量非常好，样子和图片一样，摸着软软的。,2018-07-29 12:33:25,肤色,M,来自京东Android客户端,金牌会员
宝贝内衣收到了，回家迫不及待的穿了一下，上身效果特别好，质量不错，手感柔软超细腻，超级喜欢比实体店便宜多了，质量都是一样一样的，喜欢的可以放心入手一件哟！！！值得推荐。做工非常精细，尺码刚刚好码数很标准的，超级满意，这个价钱也很实惠，洗了也不变形不变色,2017-12-25 16:34:40,肤色,M,来自微信购物,铜牌会员
质感很柔和，不会嘞，穿上真的没什么压力没有束缚感非常舒服，睡觉都可以不用脱下来了，穿身上非常贴身很舒服也不嘞，内衣穿上好舒服就和没穿一样舒服，也很好看，相当满意，很聚拢，胸罩颜色很喜欢，内衣很好很舒服，一点看不出空的感觉，质量超出想象，真是物有所值啊,2018-08-07 12:39:46,肤色,M,来自京东iPhone客户端,PLUS会员
面料摸起来柔软舒适，吸汗透气性挺好的，做工比较精细，非常满意，五星好评！试穿去跑步了，很好，很休闲的一款运动内衣，很透气，不会变形，穿上还是很性感的，是一个不错的选择.快递挺快啊。没几天就到了，这次购物很满意，网购以来算是最划算的一次了，还会介绍朋友来的哦优惠哦,2018-01-02 09:18:43,肤色,M,来自京东iPhone客户端,银牌会员
本来以为这种运动胸罩会很一般，但是收到货以后，很惊喜，很满意！！我感觉这个布料和设计都特别好，穿着特别舒服，不紧但是也不松，很舒适，没有挤压的感觉，反正就是很好，好评！！是真的很舒服，好喜欢这个罩罩内衣很快就收到，手感很好，上身超级舒服，弹性大肩带宽，零束缚，还可以穿去练瑜伽，下次还要来买，店铺好评,2017-12-22 16:11:02,肤色,M,来自京东Android客户端,金牌会员
超赞，不知道此时用什么语言表达我的兴奋，内衣真的好棒啊，穿上也很美丽，聚拢效果很好，好开心的好不，穿身上非常贴身也不嘞，而且很收副乳，尺码很准颜色也很好看，本来怕便宜不太好，没敢多拍，没想到物超所值，穿着真的好舒服，最主要对身体比较好，虽然没有钢圈但是立体感很给力，也不会勒肉，肩带宽适中，比较舒服没,2018-05-20 13:57:06,肤色,M,,金牌会员
特别舒适，穿上很轻松，内衣的布料柔软，做工精细没有线头。很聚拢 真的物超所值，颜色也好看，洋气，零束缚，&nbsp;舒服又无痕迹 &nbsp;摸着很薄很舒服 &nbsp;薄薄的 &nbsp;这款内衣0束缚0压力&nbsp; 面料凉凉的 好好看,2018-06-16 19:23:52,肤色,M,来自京东iPhone客户端,银牌会员
到货很快 快递送货也比较快 收到真的超满意 包装也很好 没写私密字眼&nbsp;保密做的好&nbsp;试穿也很舒服 哈哈 面料跟那种冰丝的内裤一样 滑滑的 有胸垫 图片可以看看 质量也特别好 扯了一下也很结实,2018-01-09 17:55:22,肤色,M,来自京东iPhone客户端,银牌会员
弹性很大的，一点也不紧绷，穿着很舒服。海绵质量很好，洗过无异味、手感很软。号码也合适，穿着很舒服也防震，不勒不紧，我是穿过之后才反应的，内衣很聚拢不跑位，特别舒适，厚度刚刚好的，手感很棒，弹性十足，非常喜欢，胸垫可以取出来的，下水后没有褪色也没有变形，颜色也是我超级喜欢的。,2018-11-03 18:00:41,肤色  -圆领,M,来自京东Android客户端,铜牌会员
穿上大小合适也非常舒服，真的是特别喜欢，这款内衣0束缚0压力 颜色的话基本满足平时日常的所有需求了，没有束缚没有压力，超级无感无感无感最舒服 也不会压胸，实体店这样的质量要双倍的价钱多，我还怕掉色专门用水泡了一会，一点都没褪色，也没有什么异味，各位亲可以放心购买,2018-10-28 22:17:19,肤色  -圆领,M,来自京东Android客户端,铜牌会员
宝贝收到了，码数很准，可以大胆的买平时穿的大小，重要是穿起来很舒服啊，内衣穿上真的是很舒服，面料非常的柔软舒适。,2018-06-19 17:15:18,肤色,M,来自京东Android客户端,铜牌会员
宝贝非常好，包装就很严实，试了很贴身，柔软，很喜欢，码数正～,2017-12-15 14:06:48,肤色,M,来自京东iPhone客户端,银牌会员
感觉像没穿一样舒服又无痕迹 摸着很薄很舒服 薄薄的！特别好！面料柔软舒适，也没有异味，按正常尺码买的，很合适。穿身上非常贴身很舒服也不嘞 ，大摸上去非常舒适，穿身上非常贴身很舒服也不嘞，内衣穿上好舒服就和没穿一样舒服真的超级好看，以后都不用担心，毫无累赘之感，质感亲肤，清洗不掉色，超舒服像没穿,2018-11-07 14:21:10,肤色  -圆领,M,来自京东iPhone客户端,金牌会员
"穿着舒服，以前也有买过和这款差不多的，但是质量与之相比起来相差比较多，这款不易走位和变形，穿上身很贴身舒适也不嘞 超级舒服 料也是很舒服的，塑形效果不错，摸上去非常舒适,毫无累赘之感，质感亲肤，很贴肤，弹性大，颜色好看 穿着舒服，质量不错，价廉物美，大小刚好，物流超快，卖家很贴心，面料好，颜色正，的确是无一条缝线，穿起来很舒服，今年很多这种无钢圈内衣，真的比传统的内衣好穿健康，推荐给身边的朋友同事了！",2018-11-05 12:26:22,肤色  -圆领,M,来自京东iPhone客户端,银牌会员
运动内衣收到了，质量超级赞，运动穿正好，颜色很正，和图片一样，料子很舒服，挺透气的&nbsp;&nbsp;质量好赞哦 是我喜欢的颜色 聚拢透气弹力好 买来做瑜伽穿的 大爱准备再入手两件替换,2017-12-29 18:09:15,肤色,M,来自京东Android客户端,金牌会员
的确不会掉，面料舒服，聚胸效果好，款式洋气物流快哦！罩杯薄厚适中，更聚拢更透气，质量超级棒，穿身上也特别舒服！不下滑！喜欢的mm要抓紧购买呦。质量非常好手感柔软舒适，穿了一下觉得非常舒服，不往下掉，而且集中效果好！值得购买！很满意的一次购物经历哦,2018-10-07 13:50:30,肤色  -圆领,M,来自京东iPhone客户端,金牌会员
不错很喜欢，买一送一也不错，妈妈和我一人一件，背心比内衣要穿着舒服，非常喜欢。,2018-03-21 13:52:11,肤色,M,,钻石会员
"这款内衣的胸垫是可以取下来的，很方便清洗，面料手感很不错，摸着很舒服柔暖，质量不错~一点都不嘞，内衣真的是超级棒，上班也舒服，我喜欢的款式，穿着一点压力都没有，感觉自己没有穿内衣一样，颜色也很正，简单大方穿了很合适聚拢效果也很好，bra的厚度感觉还行，侧收效果不错，调整好可以副乳，包裹性确实强还可以防震，穿着体验还比较舒适，提升的效果也还可以，穿了以后真心觉得是物超所值。价格便宜，面料舒适透气,这款内衣太舒服啦&nbsp;穿起来一点也不累,推荐！",2018-09-16 14:40:26,肤色  -圆领,M,来自京东Android客户端,金牌会员
文胸收到了，手感摸着很舒服，还没穿呢，感觉会很舒服，一点也不勒，很喜欢，准备晚上试试，哈哈?,2018-10-31 13:50:11,肤色  -圆领,M,来自京东Android客户端,银牌会员
料子很软很舒服，超级无感无感无感最舒服，聚拢效果不错，垫片比想像的舒服，完美贴身，弹力很好，店主人特别好，百问不厌，态度非常的好，物流也特别的快，超级赞的，真的特别好，洗了也不变形，不褪色，越看越喜欢，还会再来。,2018-11-06 19:14:11,肤色  -圆领,M,来自京东iPhone客户端,铜牌会员
透气丝滑，不嘞，真的很舒服，像没穿一样，细肩带穿裙子正合适，宽肩带穿T恤合适，太棒了内心真的很舒服，而且质量很不错，很透气，肩带那里也很舒服，不是很勒。颜色也满意，哈哈开森洗了一下没褪色也没有变形，穿着舒服，之前都是穿有钢圈的内衣，一天下来都勒得一条一条印子，现在穿着这款内衣就是睡觉穿也舒服，准备再买几件换着穿。,2018-11-07 16:51:39,肤色  -圆领,M,来自京东Android客户端,铜牌会员
不会容易变形，穿着透气没有束缚感特别舒服，里面的海绵还可以拿出来呢。上身效果很好，号码很合适，穿起来很舒服，超舒服像没穿一样，不想穿带钢圈的文胸了，解决我多年肩带老掉的难题，值得购买,2018-11-03 19:57:30,肤色  -圆领,M,来自京东Android客户端,银牌会员
洗后没有变形，款式与描述的一致，无可挑剔，型好，面料柔软光滑，穿起来超级舒服不勒且超级舒适快不输实体店上百的。内衣穿在身上非常柔软，摸上去很舒服，厚度刚好，透气，原本以为无钢圈的会跑杯，但是超乎想象效果很棒。不会移位，再也不会有内衣扎肉的烦恼了。一下子买了两件，感觉非常的值，已经推荐给同学购买了，赞哟,2018-11-06 09:52:07,肤色  -圆领,M,来自京东Android客户端,铜牌会员
回购的，质地特别柔软舒适，也在洗衣机洗过，没有变形,2018-11-05 18:04:43,肤色  -圆领,M,来自京东iPhone客户端,钻石会员
喜欢，弹力非常好。穿着很舒适，无钢圈的舒适度很高，弹性十足一点都没有紧绷感，贴身不空杯，下围也合适。穿着舒服，带子是宽的那种，穿着不勒非常地舒适，无束缚，聚拢效果很好，感觉比一般内衣舒适感好很多。衣服质量很好，没有褪色变形什么的，很舒适不勒胸 满意，真的非常合我的心意，是非常理想，穿着特别舒服,2018-11-07 15:27:32,肤色  -圆领,M,来自京东iPhone客户端,钻石会员
无钢圈内衣很舒服，穿上没有压力，感觉像没穿一样！特别好！面料柔软舒适，也没有异味，很合适。宝贝非常好。本人很满意，觉得很惊喜，对我来说实惠又好用，和宣传的差不多，没有差别，超级的满意。但是重要还是穿起来超级的舒服， 摸着很薄很舒服 像没有穿内衣一样舒适，料很亲肤，很柔软，一体成型,2018-11-07 16:24:04,肤色  -圆领,M,来自京东Android客户端,银牌会员
"帮朋友买的，她看我穿着不错让我帮她也买一个??&bull;?&bull;??
超级无痕，穿着也舒服，摸着料子很不错，体育课穿着去跑步了，赞一个(?˙▽˙?)
卖家给的码数刚刚好，总之是一次非常满意的体验? ?)?*??
卖家人很好，快递也很快╰(*&acute;︶`*)╯",2018-10-31 18:49:51,肤色  -圆领,M,来自京东Android客户端,铜牌会员
炒鸡满意哦，运动内衣收到了，快递真的超级快，很快就收到啦，质量很棒，上身的效果很好，内衣穿上很舒服，而且物美价廉，喜欢这种简单又不失女人味的款式，洗过了也不会褪色，还可以拆了洗，很方便的，变形什么的更不用担心了，自己洗的时候注意下就可以了，果然没让我失望,2018-11-05 15:13:58,肤色  -圆领,M,来自京东iPhone客户端,PLUS会员
内衣质量非常好，布料弹力适中，穿有一点束缚感都没有，很舒服，做内搭，做运动时都可以穿，实用又时尚，非常满意，太喜欢了,2018-10-20 16:57:00,肤色  -圆领,M,来自京东Android客户端,铜牌会员
宝贝看着不错，穿上去也很舒服，手感丝滑，薄薄的，一年四季都适合，没有紧绷绷的感觉，当然也不勒人，很喜欢，质量很好，穿着舒适透气，布料很柔软，薄款的也透气，尺码合适，很不错，价格实惠海绵是整块的，不容易跑位，也不晃动，我买了两件，运动出汗是必须的，换着穿哈还会回购,2018-11-07 14:50:05,肤色  -圆领,M,来自京东iPhone客户端,铜牌会员
给快递小哥一百个赞，感觉才拍了，2天多居然就到了，这次的快递超快的。店家发货也快，神速啊，当天购买当天发货了。然后来说说宝贝，防滑效果确实不赖。以轻松搭配露肩的。配件很贴心，穿着很舒服，面料很柔软，设计的很漂亮，穿着效果很聚拢很性感。,2018-11-05 11:15:11,肤色  -圆领,M,来自京东Android客户端,铜牌会员
真的超级舒服，没有钢圈，质感特别丝滑，穿上跟没穿一样，特别透气，很舒服，弹性不错，在网上选了很多家店铺，看了很多的内衣，最后选择了这家，价格实惠，质量又好，包装也很不错，适合四季穿，总之就是赞赞赞，以后还会再来的。,2018-11-06 22:10:07,肤色  -圆领,M,来自京东Android客户端,铜牌会员
质量也非常好，料子很柔软很舒服，跟图片一样没色差，洗了也没有褪色没有变！！真的是特别喜欢，实体店这样的质量要双倍的价钱多，我还怕掉色专门用水泡了一会，一点都没褪色，也没有什么异味，而且价格也实惠。穿着舒服。,2018-11-03 21:27:15,肤色  -圆领,M,来自微信购物,银牌会员
真的是太好用了。快递很快就到了，用起来很舒服，很服帖，也不会掉的，特意试穿了一下的，蹦跶了很久都没有掉的。喜欢。这么便宜赚到咯。大家都快快买吧。大小也很合适。我的姐妹们都喜欢看了。哈哈?买到喜欢的东西正品。,2018-11-01 08:51:52,肤色  -圆领,M,来自京东Android客户端,金牌会员
宝贝收到了，质量非常好，颜色也很好看，穿上很舒服，真的很喜欢，文胸包的很好，下次一定还会来的，是一家种草的产品，大爱，大爱，大爱。卖家服务态度也非常不错，我是真心推荐给大家，好东西要和大家一起分享,2018-11-04 10:11:30,肤色  -圆领,M,来自京东iPhone客户端,铜牌会员
内衣已经收到了，质量挺不错，手感很舒服，料子很好，做工精致，尺码大小合适，穿着舒适透气，弹力挺好的，上身不勒，洗了不变形，不褪色，棉垫固定的，不会到处跑，值得购买，包装也很漂亮，价格也很实惠,2018-11-01 15:40:35,肤色  -圆领,M,来自微信购物,银牌会员
我也把链接发给了其他的好友，穿着很舒服也防震，我是穿过之后才反应的，穿上去凉凉的很到位，特别舒服，都感觉自己没有在穿内衣了，喜欢喜欢喜欢。。很满意，厚薄非常合适不太厚也不是薄款的,2018-11-03 21:38:17,肤色  -圆领,M,来自微信购物,铜牌会员
宝贝收到啦，面料做工细致，穿上身柔软舒适，感觉像没有穿内衣一样，并且聚拢效果特别好，@立现，尺码也很标准，闺蜜也向我要链接呢，很满意的一次购物，喜欢的朋友不要犹豫了！,2018-11-03 13:09:39,肤色  -圆领,M,来自京东Android客户端,金牌会员
宝宝收到，物流很快！很满意!已经是第二次回购了，自己买了感觉非常舒适，轻薄透气，又很亲肤还有很好的塑身效果简直太棒了，用好的推荐给朋友们，这不都说好，都让我代买呢！,2018-11-01 20:35:05,肤色  -圆领,M,来自京东Android客户端,铜牌会员
两件装的很优惠，恩穿着很舒服哦，嗯挺透气的料子也很软。有聚拢效果嗯洗过了也没有变形，跑步的时候也可以穿啊可能我拍的照片有点糊，材质是很透气的棉质，弹性很大，非常喜欢,2018-11-07 18:17:11,肤色  -圆领,M,来自京东Android客户端,银牌会员
质量真的很不错   穿起来不嘞  舒服,2018-11-06 12:58:11,肤色  -圆领,M,来自京东Android客户端,金牌会员
内衣收到了，穿了一天完全不怕掉下来，还送了一对透明带，还要多买一件才行，可以最近买了五件肤色内衣了，总感觉那几件穿得没那么舒服，第一次在网上买内衣，还是买对了，,2018-11-05 15:27:20,肤色  -圆领,M,来自京东Android客户端,银牌会员
宝贝儿收到了，包装精美严实无破损，打开之后无异味，面料质地柔软舒适，做工精致细腻，质量很不错，穿上很舒服，聚拢效果超棒，性价比很高，非常满意的一次购物！,2018-11-04 18:21:08,肤色  -圆领,M,来自京东Android客户端,银牌会员
舒服到穿上就不想脱下来。很舒适。不勒。跑步做操高强度运动也没有不舒适很好。性价比很高的一款内衣。有需要还会过来购买，已经推荐给朋友了。很棒，价格也很实惠,2018-11-01 13:15:35,肤色  -圆领,M,来自京东Android客户端,铜牌会员
此用户未填写评价内容,2018-11-06 10:30:06,肤色  -圆领,M,来自京东Android客户端,铜牌会员
对比了很多家才决定买了这款，看评价和销量都很好，果然没让我失望，很轻薄，就像没穿内衣一样，透气性也不错，贴在皮肤上很舒服，打算再买两件换着穿,2018-10-29 14:18:46,肤色  -圆领,M,来自京东iPhone客户端,银牌会员
无痕，穿着很舒服呢,2018-10-31 15:42:06,肤色  -圆领,M,来自京东Android客户端,银牌会员
这款内衣舒适感非常好，颜值高，穿在身上非常透气。塑形效果不错。固定性也可以，是真的舒服，值得购买。心情都变得很好，晚上睡觉也可以穿啊！,2018-11-04 18:20:11,肤色  -圆领,M,来自京东Android客户端,铜牌会员
穿上很舒服，大小合适，摸着质量很好，手感挺好。而且也挺聚拢的，生完宝宝以后身材严重走形啦。老是买不到合适的内衣，这次买的挺成功的好评。,2018-11-07 16:34:25,肤色  -圆领,M,来自微信购物,铜牌会员
已经收货好几天，忘评价了，今天才来，已经使用了，特别好，可以说物美价廉，最主要是难得买到穿着舒适的，这个一点不勒，真心很棒，还会回购的,2018-10-30 17:30:32,肤色  -圆领,M,来自京东iPhone客户端,铜牌会员
依依收到了，很满意大小合适，穿着很舒服。像木有穿的一样，可以穿着睡觉，哈哈哈。。。描述相同，舒适，发货速度很快，物流也快，满分?,2018-11-06 16:41:10,肤色  -圆领,M,来自京东Android客户端,铜牌会员
弹力非常好，穿着很舒适，无钢圈的舒适度很高，弹性十足一点都没有紧绷感，贴身不空杯，下围也合适，宽肩带不勒肩，聚拢效果也不错，大爱。,2018-11-02 16:18:36,肤色  -圆领,M,来自京东Android客户端,钻石会员
衣服还不错，穿上很舒服一点也不嘞，原谅我拍照技术不好拍不出那种效果,2018-09-03 10:32:14,银灰色美背,80B,来自京东Android客户端,银牌会员
此用户未填写评价内容,2018-09-22 00:26:41,银灰色美背,80B,来自京东Android客户端,金牌会员
内衣颜色没有色差，蕾丝花边很性感，聚拢效果一级棒，我没有选错，很适合我的，是宽袋子的。穿着舒服,2018-10-31 14:44:15,银灰色美背,80B,来自京东Android客户端,金牌会员
内衣很好穿。舒服柔软。收到用热水洗干净就穿了。不变形，不起球。带子也不会拉长。很满意。,2018-10-28 18:57:03,银灰色美背,80B,来自京东Android客户端,铜牌会员
文胸质量质量不错，穿上很舒服，聚拢效果不错，很喜欢，穿了一段时间也不变形，物流也很快,2018-11-02 18:44:53,银灰色美背,80B,来自京东Android客户端,铜牌会员
款式和质量都很好，料子柔软，聚扰效果好，穿着不勒，很喜欢，值得下次再来???,2018-10-26 12:30:45,银灰色美背,80B,来自京东Android客户端,银牌会员
质量很好，聚拢显胸型，穿着还舒服，美背效果很好，特别满意，以后还会来买，,2018-11-07 13:35:19,银灰色美背,80B,来自京东Android客户端,银牌会员
宝贝到了，颜色很漂亮，穿着很舒服，是我喜欢的款式，质量很好，下次再来,2018-11-01 21:36:29,银灰色美背,80B,来自京东iPhone客户端,银牌会员
内衣穿上大小合适，不紧绷，又舒服，第二次购买啦！主要是价格实惠质量好,2018-10-29 14:53:15,银灰色美背,80B,来自京东Android客户端,银牌会员
宝贝收到了，质量挺好的，做工仔细，穿上效果不错，大小合适，值得购买,2018-11-03 14:43:03,银灰色美背,80B,来自京东Android客户端,银牌会员
款式很好是我想要的，上身很舒适，以后都来你家了&hellip;&hellip;,2018-10-24 14:45:31,银灰色美背,80B,来自京东iPhone客户端,PLUS会员[试用]
上托效果挺好，而且不会显着胸大，非常的有型哦穿上，准备再入手一件,2018-11-06 16:49:50,银灰色美背,80B,来自京东Android客户端,银牌会员
内衣柔软舒适，质量做工精致，很喜欢，穿上一点束缚感都没有。大爱！,2018-11-02 12:57:11,银灰色美背,80B,来自京东Android客户端,银牌会员
内衣很合适，发出聚拢，穿着非常舒服，值得推荐，准备再买两件替换,2018-10-24 11:36:02,银灰色美背,80B,来自京东Android客户端,金牌会员
衣服大小刚刚！穿上衣服凉凉的！感觉很舒服！物超所值！值得推荐,2018-11-06 13:03:46,银灰色美背,80B,来自京东iPhone客户端,钻石会员
手感可以，有纯棉质感，舒服打底挺好的，会一直支持，会回购的。,2018-10-24 19:29:40,银灰色美背,80B,来自京东Android客户端,银牌会员
内衣很好，穿的蛮舒服，杯型不错，很好的聚拢效果，也不勒人,2018-11-04 16:54:35,银灰色美背,80B,来自京东Android客户端,铜牌会员
内衣很不错，穿着蛮舒适的，码数很合适，聚拢效果也蛮好的,2018-10-24 12:37:18,银灰色美背,80B,来自京东iPhone客户端,金牌会员
宝贝收到，与描述拥符，尺寸规格，挺好的，习惯性好评!,2018-10-31 18:04:31,银灰色美背,80B,来自京东Android客户端,银牌会员
文胸聚拢效果不错，穿着美美的，主要是尺寸刚好，很满意,2018-10-25 13:20:41,银灰色美背,80B,来自京东Android客户端,铜牌会员
质量好，做工细致。码数标准，价格也很实惠满意极了,2018-11-07 11:02:28,银灰色美背,80B,来自京东Android客户端,银牌会员
聚拢效果很好  材质也很好 穿着舒适不紧绷 好评,2018-11-07 08:40:52,银灰色美背,80B,来自京东iPhone客户端,银牌会员
穿上好看，有型，也很聚拢，尺码合适，发货速度快,2018-10-31 11:52:04,银灰色美背,80B,来自京东Android客户端,钻石会员
质量很好，穿很合身，价格实惠，物流也快，给赞。,2018-10-27 15:04:17,银灰色美背,80B,来自京东iPhone客户端,银牌会员
宝贝收到了试了一下挺好穿的，快递小哥态度很好,2018-11-03 11:49:40,银灰色美背,80B,来自京东Android客户端,银牌会员
内衣聚拢效果很好，质量很好，面料柔软舒服。,2018-10-29 15:27:46,银灰色美背,80B,来自京东Android客户端,铜牌会员
无钢圈穿着舒服，聚拢效果好，发货速度快。,2018-11-03 10:57:57,银灰色美背,80B,来自京东Android客户端,银牌会员
内衣做工精细面料柔软舒适，聚拢效果不错。,2018-11-03 10:12:17,银灰色美背,80B,来自京东Android客户端,金牌会员
第二次购买，已是粉丝，别的就不多说了嘿嘿,2018-10-27 15:23:52,银灰色美背,80B,来自京东Android客户端,银牌会员
质量很好，码数也正，穿上舒服，物美价廉,2018-11-03 14:45:41,银灰色美背,80B,来自京东iPhone客户端,金牌会员
穿起来一点也不嘞，杯型也刚刚好，没色差,2018-11-02 11:48:15,银灰色美背,80B,来自京东iPhone客户端,银牌会员
忘了来评价了，已经穿了好久了，很舒适。,2018-11-06 22:31:04,银灰色美背,80B,来自京东Android客户端,铜牌会员
内衣穿着很舒服，托胸效果很好，我很喜欢,2018-10-30 21:34:19,银灰色美背,80B,来自京东Android客户端,银牌会员
内衣不错，质量很好，挺聚拢的，很喜欢。,2018-10-29 11:56:35,银灰色美背,80B,来自京东Android客户端,金牌会员
内衣包副乳很好，袋子也很舒服，值得信赖,2018-10-26 09:27:14,银灰色美背,80B,来自京东Android客户端,铜牌会员
宝贝很好，穿上也很舒服，还会再来,2018-10-25 14:15:30,银灰色美背,80B,来自京东iPhone客户端,铜牌会员
内衣质量挺好的，尺码很标准。,2018-10-29 10:34:38,银灰色美背,80B,来自京东Android客户端,金牌会员
试了下合适，一如既往喜欢。,2018-10-27 10:54:49,银灰色美背,80B,来自京东Android客户端,金牌会员
质量很好很合身，会回购的,2018-11-06 19:09:21,银灰色美背,80B,来自京东iPhone客户端,银牌会员
衣服收到了，质量挺不错！,2018-11-06 11:00:38,银灰色美背,80B,来自京东iPhone客户端,金牌会员
穿上很舒服  ，很有型,2018-11-06 10:06:42,银灰色美背,80B,来自京东Android客户端,金牌会员
质量很好，值得大家够买了,2018-10-23 11:16:08,银灰色美背,80B,来自京东iPhone客户端,铜牌会员
穿着很舒服。第二次购买,2018-10-29 22:47:32,银灰色美背,80B,来自京东Android客户端,银牌会员
非常好穿，码数也刚刚好,2018-10-26 16:12:22,银灰色美背,80B,来自京东Android客户端,银牌会员
一如既往得舒适度,2018-10-31 13:26:04,银灰色美背,80B,来自京东iPhone客户端,钻石会员
穿着很舒适 不勒,2018-10-26 13:06:48,银灰色美背,80B,来自京东iPhone客户端,银牌会员
买小了一点，穿上勒得慌，放着等明年生完宝宝瘦了再穿吧。,2018-11-03 17:07:05,宝石蓝美背,75C,来自京东Android客户端,金牌会员
刚到，不知道和我以前买的类似不？,2018-10-31 19:51:55,银灰色美背,90D,来自京东iPhone客户端,PLUS会员
好看，款式漂亮,2018-10-28 19:19:40,银灰色美背,80B,来自京东iPhone客户端,钻石会员
好评！质量好,2018-10-28 20:32:38,银灰色美背,80B,来自京东Android客户端,银牌会员
舒适挺好穿的,2018-10-24 11:48:57,银灰色美背,80B,来自微信购物,银牌会员
这个内衣很不错，大小合适，质量很好。老婆很喜欢。,2018-11-05 20:32:56,珊瑚色薄杯,80C,来自京东Android客户端,钻石会员
质量挺好的，就是买大了点，下次不要买,2018-11-02 21:35:09,宝石蓝薄杯,80D,来自京东Android客户端,铜牌会员
态度很好，东西好看，态度棒棒的,2018-10-27 13:43:10,宝石蓝美背,85D,来自京东Android客户端,银牌会员
没想象中的好，不是很喜欢！！！,2018-11-01 16:18:23,银灰色美背,80B,来自京东Android客户端,金牌会员
收到宝贝了，和实体店一样好，还便宜不少，非常满意，喜欢的亲可以下单哈,2018-11-01 23:06:26,珊瑚色薄杯,85B,来自微信购物,铜牌会员
质量很好！,2018-11-01 19:22:52,银灰色美背,80B,来自京东Android客户端,银牌会员
聚拢效果很好！透气，轻薄，穿着很舒服。,2018-11-06 16:36:04,银灰色美背,85B,来自京东Android客户端,PLUS会员
内内收到了，穿了几次没变型，质量很好，下次再来购买,2018-11-07 08:19:49,银灰色美背,75B,来自京东Android客户端,金牌会员
早就收到了还没来得及评，总体看着还好！,2018-10-31 11:16:18,银灰色美背,75B,来自微信购物,铜牌会员
宝贝收到了，质量很好，也很漂亮，试戴了一下很舒服，不紧绷。一直在用都市丽人的，挺好。,2018-06-25 10:37:49,粉色,80B,来自京东Android客户端,铜牌会员
很薄，比实体店便宜，都市丽人名字改了，好多人质疑是不是正品，我和实体店买的对比了下，是一样的，除了款式不同而已，，本来看描述，以为是厚的，就是上薄下厚的那种聚拢型的，买回来才知道，太薄了，不太聚拢，我说怎么那么便宜，摸着很舒服，就是看着蕾丝有点廉价，其他还行,2016-06-20 21:09:06,粉色,75B,来自京东iPhone客户端,金牌会员
一下子买了三件，买三免一，觉得太值了，质量一样好,2018-07-15 21:43:20,粉色,80B,来自京东iPhone客户端,钻石会员
"值得美眉们购买哦！  
下次还要光顾
卖家在送一个小小礼物?，更值得信赖",2018-09-05 20:18:02,粉色,80B,来自京东Android客户端,银牌会员
很棒，质量很好，活动时买的，一起买了3，还减了20元，合起来一件50多，真划算,2018-07-14 19:22:16,粉色,75B,来自京东iPhone客户端,金牌会员
大小合适，穿着很舒服，很喜欢，赶上活动，很划算，,2018-10-18 21:22:22,肤色,85B,来自京东iPhone客户端,PLUS会员
大小合适，穿着很舒服，很喜欢，赶上活动，很划算，,2018-10-18 21:21:25,粉色,85B,来自京东iPhone客户端,PLUS会员
料子很好，软绵绵的，穿起来也很舒服 ，好评一枚O(&cap;_&cap;)O,2018-08-15 22:58:56,肤色,80C,来自京东Android客户端,银牌会员
料子很好，软绵绵的，穿起来也很舒服 ，好评一枚O(&cap;_&cap;)O,2018-08-15 22:57:25,粉色,80C,来自京东Android客户端,银牌会员
黑色会显瘦一些，粉色黑色都好看。果断要了俩！可以替换穿,2018-09-23 09:59:06,黑色,85C,来自京东Android客户端,铜牌会员
包装很好，物流很快，与描述相符，服务态度很好。上次买三件，穿着好舒服，这次又买了三件，下雨天，够换洗。都市丽人无钢圈内衣就是好质量，好喜欢。,2018-09-30 22:23:53,肤色,85C,来自京东Android客户端,银牌会员
买了三种颜色的bra。换着穿,2018-10-07 07:54:55,黑色,75B,来自京东Android客户端,PLUS会员
包装很好，物流很快，服务态度很好。一次买3件，无钢圈，穿着很舒服。,2018-09-17 23:00:39,粉色,85C,来自京东Android客户端,银牌会员
中模杯，不是那种上薄下厚的模杯，可能是我没看清楚，或者商家的胸罩做的有问题，并不适合小胸MM，买了三套，满三免1，一直都穿75B的，买其他家的75B的都能穿，但是它家的这三套都不能穿。,2017-03-13 07:57:20,粉色,75B,来自京东Android客户端,钻石会员
很漂亮，穿着也合适舒服！很满意！,2017-05-14 23:53:47,粉色,75B,来自京东Android客户端,PLUS会员
穿着很舒服，东西很不错，，老婆很喜欢，面料舒适小手印能起到按摩作用哦，她说以后就买这款了。物流也快,2018-07-30 21:18:46,黑色,75A,来自京东Android客户端,金牌会员
有异味，而且特别大，这是美中不足的一点，穿着也不错就是异味太大，有种塑胶的味儿,2018-06-08 22:51:57,黑色,75C,来自京东Android客户端,钻石会员
质量不错，试了很贴身很舒服，刚好赶上活动很满意。,2018-08-12 17:45:02,黑色,75A,来自京东iPhone客户端,钻石会员
买了三个不同款式，商家好，快递快！服务好！商家还赠送了一件内衣和一双毛毛鞋,2017-01-10 22:26:30,粉色,75B,来自京东Android客户端,金牌会员
终于收到了宝贝，东西比我想象中还好，物美价廉，我非常满意。以后还会来买。,2018-10-18 01:02:34,黑色,85C,来自京东iPhone客户端,PLUS会员
终于收到了宝贝，东西比我想象中还好，物美价廉，我非常满意。以后还会来买。,2018-10-18 01:02:14,肤色,85C,来自京东iPhone客户端,PLUS会员
穿着舒适，搞活动买还是很划算的，就是物流真的不是一般的慢啊,2018-10-15 13:23:47,粉色,80B,来自京东Android客户端,PLUS会员
东西很不错，，老婆很喜欢，面料舒适小手印能起到按摩作用哦，她说以后就买这款了。物流也快,2018-07-30 21:17:18,粉色,75A,来自京东Android客户端,金牌会员
看着不错    发货速度一直挺快的   满意,2017-06-23 12:45:57,粉色,75B,来自京东Android客户端,钻石会员
内衣收到了，试穿了下，效果蛮好的，如果好穿的话，还会回购的。,2018-07-12 15:53:20,粉色,75B,来自京东Android客户端,铜牌会员
这个码数刚好，她可以穿，那个太小了，穿不上！！好评！,2017-06-25 18:11:51,粉色,85C,来自京东iPhone客户端,PLUS会员
一起买了三件，做活动！性价比高！质量不错！这个价格也差不多了！不过真的有一点味道！可能是那个杯的材料味吧！快递哥很给力哦！,2018-10-18 15:47:50,粉色,80C,来自京东iPhone客户端,金牌会员
内衣是不错，感觉适合大胸的用，胸小的这款不是很合适,2017-06-09 07:24:56,粉色,75A,来自京东Android客户端,PLUS会员
商品昨天到的 外观很好 物流也不错 拆开包装商品颜色外观都还好 目前还没戴 不知道带上怎样 先给五星好评吧,2018-06-07 07:50:36,粉色,80B,来自京东Android客户端,银牌会员
新的来一批旧又要丢掉一批，第一次买都市丽人内衣就买五六件，快递很快质量也很好，粉粉的穿起感觉蛮不错的。也满吸汗的， 穿好了还会回购。薄薄的的夏天穿很好这次活动力度大买了很多，内衣內裤几个月也要换一批。,2018-08-10 14:46:31,粉色,80A,来自京东Android客户端,PLUS会员
东西很不错，，老婆很喜欢，面料舒适小手印能起到按摩作用哦，她说以后就买这款了。物流也快,2018-07-30 21:17:44,肤色,75A,来自京东Android客户端,金牌会员
感觉质量一般，不知道这么大牌子的内衣质量看起来怎么这么不相符合，？？,2018-11-05 21:42:06,肤色,80B,来自京东Android客户端,金牌会员
非常好，是正品，信赖京东,2017-05-23 23:53:43,粉色,80B,来自京东Android客户端,PLUS会员
每次都买的多，女人就是麻烦了,2018-10-15 13:20:39,肤色,85B,来自京东Android客户端,PLUS会员
货收到了，很舒服，是纯棉的，还是特别好看？老公特别喜欢。芬腾就是大品牌款式特别好看，布料也特别舒服，货真价实，物美价廉，很愉快的一次购物，下次很多东西都在京东买了又方便又实惠还省了很多逛街的时间，可以留下来陪孩子,2018-08-01 07:49:44,黑色,75A,来自京东Android客户端,PLUS会员
很漂亮，穿着也合适舒服！很满意！,2017-05-14 23:55:41,黑色,75B,来自京东Android客户端,PLUS会员
质量很不错，也很聚拢，就是小吊坠的地方，粉色的钻粘歪了，而且一个下面有黄色的钻，一个完全就是金属。小瑕疵，不影响穿，但还是希望制作过程能严谨一些。,2018-08-10 21:10:12,粉色,80A,来自京东Android客户端,银牌会员
以前都是在都市丽人的实体店买内衣的，这次是第一次在电商上购买，价格很是实惠，而且质量也很不错。到货后与之前在实体店买的内衣对比了一下，感觉没有什么质量上的差异。尺码也比较准，唯一不同的地方就是网购的内衣肩带儿，要比实体店的内衣肩带儿稍窄一些。,2018-09-30 10:19:02,黑色,85C,来自京东Android客户端,PLUS会员
以前都是在都市丽人的实体店买内衣的，这次是第一次在电商上购买，价格很是实惠，而且质量也很不错。到货后与之前在实体店买的内衣对比了一下，感觉没有什么质量上的差异。尺码也比较准，唯一不同的地方就是网购的内衣肩带儿，要比实体店的内衣肩带儿稍窄一些。,2018-09-30 10:18:51,肤色,85C,来自京东Android客户端,PLUS会员
以前都是在都市丽人的实体店买内衣的，这次是第一次在电商上购买，价格很是实惠，而且质量也很不错。到货后与之前在实体店买的内衣对比了一下，感觉没有什么质量上的差异。尺码也比较准，唯一不同的地方就是网购的内衣肩带儿，要比实体店的内衣肩带儿稍窄一些。,2018-09-30 10:18:40,粉色,85C,来自京东Android客户端,PLUS会员
宝贝回来了，迫不及待的试了一下！面料摸起来舒服，款式不错，穿起来美美的，蕾丝很性感！颜色好看！穿起来聚拢的感觉，卖家服务态度好！推荐大家购买！,2018-11-02 11:48:44,肤色,75B,来自京东Android客户端,银牌会员
胸罩非常好，柔软舒适，已穿上，也是我多年来比较合心的一款。不勒不跨，罩杯海棉不那么厚，所以不显胸那么高，那么大，给人眼感舒式，以后就这款了,2018-11-04 16:55:56,肤色,75B,来自京东Android客户端,银牌会员
物流给力哦，内衣收到了，质量不错，样子也是我喜欢的，肩带设计不错，不用担心时间长了，往下滑，很满意的一次购物体验，给店家五星好评哦,2018-11-07 09:18:20,肤色,75B,来自京东Android客户端,金牌会员
物流真的炒鸡快呢！非常好的文胸，真的好喜欢，做工精细，质量非常棒，这家店铺的老顾客了，给自己给妈妈都在买，女人就是要对自己好点。,2018-11-07 10:01:47,肤色,75B,来自京东iPhone客户端,银牌会员
昨天才拍的今天就收到货了，服务态度超级好，我的问题都很细心给我回答，宝贝质量很不错，做工精细，也很漂亮，非常满意，下次还会再来！,2018-11-01 16:43:39,肤色,75B,来自京东iPhone客户端,铜牌会员
我是梦芭蒂这个品牌的老顾客了，之前买过很多牌子的内衣，价位高不说，穿着也没有她舒服。强烈推荐大家购买，价位合适，穿着舒服。,2018-11-06 16:18:51,肤色,75B,来自京东Android客户端,铜牌会员
质量不错 贴身 老公特别喜欢我穿这款 。物流很快 3天就到了。卖家发货也很快 下了单就发货，下次还会来 希望给点优惠欧。,2018-11-03 06:42:21,肤色,75B,来自京东iPhone客户端,银牌会员
物流速度真的好快，收到回去就试穿了，质量特别好，聚拢效果不错，挺好穿的，咨询问题客服很耐心，还会回购的，买得很值。,2018-11-02 09:15:40,肤色,75B,来自京东iPhone客户端,银牌会员
内衣收到试穿了一下，大小合适面料很舒服，柔软贴身，卖家服务态度很好，发货超快，以后内衣就穿她家的，满意的一次购物,2018-11-03 14:33:29,肤色,75B,来自京东Android客户端,铜牌会员
全部是蕾丝的样式好看，大小合适穿着非常舒服，特意穿过之后来评价的，物美价廉非常不错，需要内衣会继续选购的,2018-11-05 16:55:02,肤色,75B,来自京东Android客户端,银牌会员
内衣收到了质量特别好，一直穿他们家的内衣聚拢效果特别好，服务好，物流也很快，实物与图片没有色差很漂亮。,2018-11-03 10:09:47,肤色,75B,来自京东Android客户端,银牌会员
心心念念的内衣到手啦 感谢暖心的快递小哥一直不停打电话问我拿到没 内衣总爱梦巴蒂 超级舒服 爱自己?,2018-11-02 18:09:12,肤色,75B,来自京东Android客户端,铜牌会员
文胸大小合适，样式好看，面料柔软舒适，穿戴肩带调整一下，不会掉下来，蕾丝花边柔软度好，喜欢的。,2018-11-07 13:37:45,肤色,75B,来自京东Android客户端,金牌会员
质量很好，物流很快，穿着舒服合适，和想象中的一样，推荐给朋友了，很满意的一次购物，下次还来购买,2018-11-06 15:08:09,肤色,75B,来自京东Android客户端,银牌会员
物流速度很快，产品质量也很好，穿着很舒服，这家店买很多次了，客服的服务态度超级好，很喜欢这家店,2018-11-02 16:44:17,肤色,75B,来自京东Android客户端,铜牌会员
美丽大方实用得体，低调奢华有内涵！穿在身上很舒服，没有什么压力同时聚拢效果也很棒！尺码标准，,2018-11-07 16:16:47,肤色,75B,来自京东Android客户端,铜牌会员
收到货了，物流很快，如图上一样没有色差，穿上也刚好合适，价格也实惠买值了,2018-11-06 19:55:21,肤色,75B,来自京东iPhone客户端,PLUS会员
已是梦芭蒂的粉了，朋友介绍买了一次她家的文胸，布料很舒服，胸型好看，已经好久没有去实体店买了,2018-11-07 10:05:53,肤色,75B,来自京东Android客户端,银牌会员
质量挺不好的，摸着很舒服，穿着也非常舒服，尺码合适，聚拢效果很好。是我喜欢的类型，非常满意。,2018-11-05 13:12:55,肤色,75B,来自京东Android客户端,金牌会员
内衣收到了，包装完好，洗了也不褪色，穿起来舒服不嘞人，布料柔软舒服，聚拢收副乳效果好，喜欢,2018-11-07 14:49:15,肤色,75B,来自京东Android客户端,钻石会员
很满意内衣穿着很舒服，不会有扎人的情况，上身很服帖。穿在身上很聚拢，果然没有让我失望美美哒,2018-11-02 15:20:43,肤色,75B,,银牌会员
发货速度非常快，包装的也仔细，内衣尺码尺寸非常合适，穿身上很舒服，值得购买，质量很不错哦,2018-11-07 15:10:47,肤色,75B,来自京东iPhone客户端,银牌会员
收到衣服了，试穿一下效果不错，料子很不错，感觉比实体店买的要好，关注本店了，下次还会光临,2018-11-04 21:09:33,肤色,75B,来自京东Android客户端,铜牌会员
内衣收到啦，给妹妹买的，让他试了一下，她说很舒服，我一直在穿咱们家的内衣，所以推荐给她啦,2018-11-03 10:53:18,肤色,75B,来自京东iPhone客户端,银牌会员
内衣质量很好，洗洗不褪色。颜色 款式都喜欢，穿起来很舒服不勒人。_真心喜欢，赞??,2018-11-07 10:07:36,肤色,75B,来自京东iPhone客户端,银牌会员
物流比较快，没几天，质量还是不错的，一直是老客户，客服也比较耐心。,2018-11-02 13:47:10,肤色,75B,来自京东Android客户端,PLUS会员
给妈妈买的，妈妈很喜欢，质感和质量都非常好，颜色也很好，肤色很衬皮肤，也不会很显眼。,2018-11-03 11:16:21,肤色,75B,来自京东iPhone客户端,钻石会员
质量很好，蕾丝很软，不扎肉，穿上很舒服，很性感，塑型收副乳效果很好，穿上很合适,2018-11-07 13:12:31,肤色,75B,来自京东Android客户端,银牌会员
内衣款式是我喜欢的，简单大方。聚拢效果很好。尺码刚好合适。穿上很有型，很赞。,2018-11-07 10:06:18,肤色,75B,来自京东Android客户端,钻石会员
质量很好，摸着手感不错。颜色很正。没有色差。试穿效果很聚拢。卖家服务很给力。,2018-11-06 14:01:13,肤色,75B,来自京东Android客户端,金牌会员
质量很好，很合适，很柔软，聚拢效果比较好，性价比高，比在实体店买划算，很喜欢,2018-11-03 16:50:14,肤色,75B,来自京东Android客户端,铜牌会员
已经穿梦巴蒂的内衣很多年了，主要是觉得性价比非常高，柔软不容易变形，值得购买,2018-11-03 11:04:04,肤色,75B,来自京东iPhone客户端,金牌会员
文胸设计合理，穿上舒服。无钢圈的设计很满意。超值，好评，推荐给朋友也来购买。,2018-11-03 16:38:43,肤色,75B,来自京东Android客户端,钻石会员
尺码很标准，穿着很舒服，蕾丝的做工很好，摸着滑滑的，而且还聚拢不跑杯，满意！,2018-11-02 13:14:25,肤色,75B,来自京东Android客户端,银牌会员
质量不错，面料很舒服的，喜欢，款式好看，大小合适，很漂亮的，喜欢就下手吧.,2018-11-07 13:44:30,肤色,75B,来自京东Android客户端,钻石会员
收到货试穿了，码数很准，穿上刚刚好，布料舒服，穿上很仙很性感，聚拢效果不错,2018-11-03 16:51:58,肤色,75B,来自京东iPhone客户端,金牌会员
内衣挺好看的，嘿嘿，也比较舒服，里面是纯棉的，聚拢效果也不错哦，会回购的。,2018-11-02 15:21:51,肤色,75B,来自京东Android客户端,银牌会员
内衣收到，发货迅速，很快就收到了，款式漂亮，面料很舒服，收副乳效果很好,2018-11-05 22:44:40,肤色,75B,来自京东Android客户端,银牌会员
内衣收到了 跟图片一样 穿上挺舒服的 有型不束缚 有点儿性感呢 很喜欢,2018-11-01 17:49:13,肤色,75B,来自京东Android客户端,铜牌会员
质量好，大小也特别合适，图片和实物也没有色差，发货速度也快，很满意。,2018-11-04 13:18:53,肤色,75B,来自京东Android客户端,铜牌会员
真的很喜欢她家的内衣，穿着舒服又有型，买了好几次了，尺码也很准,2018-11-06 13:16:35,肤色,75B,来自京东Android客户端,银牌会员
物流很快，质感不错，摸着舒服，穿着不紧绷聚拢，客服服务态好。,2018-11-02 09:02:15,肤色,75B,来自京东Android客户端,金牌会员
非常舒适的一款内衣，聚拢效果非常好，下次还会再次购买！,2018-11-07 16:24:56,肤色,75B,来自京东Android客户端,银牌会员
宝贝收到了，速度很快，质量不错，穿着舒服，喜欢！,2018-11-02 14:44:55,肤色,75B,来自京东Android客户端,金牌会员
试穿了下，挺舒服的而且穿起来的杯形好看，满意吧,2018-11-06 09:14:02,肤色,75B,来自京东Android客户端,铜牌会员
质量很好，穿着舒适。款式也比较有型，满意。,2018-11-04 13:38:49,肤色,75B,来自京东Android客户端,银牌会员
质量很好，穿着舒服，会继续回购的,2018-11-07 13:57:24,肤色,75B,来自京东Android客户端,金牌会员
内衣不厚不薄，无钢圈，看似简单，但上身效果却出乎意料的好，同样的码数在别处买的穿久点就会跑杯，空杯，这款内衣完全没有这种问题，而且面料非常舒服柔软，穿了感觉没穿一样，无痕贴肤，价格也很实惠，性价比很高，女生们值得入手,2018-11-07 10:14:11,肤色,75B,,银牌会员
质量不错,2018-11-07 09:14:07,肤色,75B,来自京东Android客户端,银牌会员
非常好,2018-11-04 17:06:51,肤色,75B,来自京东iPhone客户端,铜牌会员
宝贝很漂亮&hellip;手感不错！集中效果好！一直穿这家的内衣！很赞！推荐购买！,2018-11-01 16:41:39,肤色,75B,来自京东Android客户端,银牌会员
内衣质量很好，薄厚适中，老公很喜欢。,2018-11-01 15:57:42,肤色,75B,来自微信购物,金牌会员
物流挺快的，包装的也很好，收到的时候没有破损。颜色和图片一样，摸着挺舒服的，试了下，码数也很合适，洗了也不浮色。,2018-11-01 15:55:00,肤色,75B,来自京东iPhone客户端,银牌会员
非常好看的宝贝，穿起来很舒服，聚拢效果好，洗了也不变形，挺好,2018-11-01 15:15:40,肤色,75B,来自京东iPhone客户端,金牌会员
内衣收到，试了一下效果不错，很舒服，款式好看。内衣都是来他们家买，老顾客了。,2018-11-01 15:07:57,肤色,75B,来自京东Android客户端,银牌会员
质量很好，聚拢效果好，客服服务态度好，物流给力，值得购买！,2018-11-01 14:55:14,肤色,75B,来自京东Android客户端,钻石会员
发货到货都挺快，包装完好无损，质量不错，号码标准合适，戴上很舒服，很喜欢，以后有需要还来，好评,2018-11-01 14:48:01,肤色,75B,来自京东Android客户端,银牌会员
宝贝收到了，试穿了一下，真的特别舒服，颜色也好看，这样子的款式很好看，而且卖家的服务态度很好，问了很多问题也是很有耐心的帮我解答，物流真的是非常快，两天就到了。,2018-11-01 14:27:49,肤色,75B,来自京东Android客户端,铜牌会员
内衣收到了，款式不错，面料很舒服，码数标准，穿的刚刚合身，很舒服，有点聚拢效果，特别满意。,2018-11-01 14:05:33,肤色,75B,来自京东Android客户端,银牌会员
质量很好，物流快。穿在身上也很舒服。一直穿这个牌子的内衣这次拍的颜色也很好看,2018-11-01 13:54:41,肤色,75B,来自京东Android客户端,铜牌会员
内衣很好，一直用的它家的，洗后不会变形，收的也挺好的，以后也会继续光顾的,2018-11-01 13:49:08,肤色,75B,来自京东iPhone客户端,银牌会员
这个牌子的文胸很舒服，穿了之后聚拢效果好，没有副乳，而且觉得透气，又不嘞紧，以后买文胸就认这个牌子了。,2018-11-01 13:34:55,肤色,75B,来自京东Android客户端,PLUS会员
内衣收到了，物流很快的，质量非常好，颜色也好看，尺码标准，非常满意的一次网购，下次还会继续买的,2018-10-31 13:43:17,肤色,75B,来自京东Android客户端,铜牌会员
宝贝收到了，薄薄的很喜欢，穿着舒服。尺码标准，聚拢效果也不错。对于刚开始的咨询客服也很有耐心。,2018-10-31 13:08:54,肤色,75B,来自京东Android客户端,银牌会员
客服态度很好，大小码也合适，物流速度挺快，已经买了好几次了，下次继续找你家,2018-10-31 13:08:17,肤色,75B,来自京东Android客户端,金牌会员
买了两次了质量很好穿上后可以把胸型收的很美，客服态度很好，问的问题都很有耐心的回答了,2018-10-31 13:04:35,肤色,75B,来自京东Android客户端,铜牌会员
内衣大小很合适，穿着非常舒服，版型也很好看，最重要的是物流特别快，两天就到了，服务真的是好的没话说，一直信赖的品牌，会一直买下去,2018-10-31 11:22:35,肤色,75B,来自京东Android客户端,银牌会员
快递收到了，物流很给力哦，包装完好，内衣摸起来面料不错，没有色差，款式也不错哦，价格实惠，值得购买哦！,2018-10-31 10:41:03,肤色,75B,来自京东Android客户端,银牌会员
"面料很好，滑滑的，柔软亲肤，弹性松紧特别合
适，聚拢效果非常好！透气性好，穿上丝毫感觉不到束缚感，聚拢效果好，穿着就像没穿一样的感觉，颜色好看。",2018-10-31 10:35:56,肤色,75B,来自京东Android客户端,银牌会员
很漂亮的款式，穿着也特别舒服！客服的态度也很满意，物流速度挺快的！,2018-10-31 10:02:04,肤色,75B,来自京东iPhone客户端,金牌会员
商品质量非常好，穿衣的非常舒服，并且物流也非常给力！简直太喜欢了，相当划算！客服服务也很棒，整体来说都很满意，物美价廉，非常喜欢！强力推荐给大家！！,2018-10-31 08:57:49,肤色,75B,来自京东Android客户端,银牌会员
文胸收到了，第二次购买这家的了，是无痕的，穿着特别的舒服，这款的聚拢效果特别好，很不错,2018-10-31 08:30:09,肤色,75B,来自京东iPhone客户端,银牌会员
内衣真的很棒，质量不错，也很舒服，重要的是好看呀&hellip;&hellip;推荐哦&hellip;&hellip;,2018-10-30 17:46:01,肤色,75B,来自京东iPhone客户端,银牌会员
很满意内衣穿着很舒服，不会有年料扎人的情况上身很服帖。穿在身上很聚拢，果然没有让我失望美美哒,2018-10-30 15:24:54,肤色,75B,来自京东Android客户端,铜牌会员
内衣质量柔软舒适，聚拢效果也非常好，穿着也不勒肉，之前其他店买的内衣都没有这个好呢，而且发货速度很快，一下子就到货了！喜欢！,2018-10-30 15:07:21,肤色,75B,来自京东iPhone客户端,银牌会员
文胸收到了，穿起来很容易，蕾丝的外面很漂亮，托胸聚拢效果挺好的，选的尺码颜色很棒，美美哒,2018-10-30 15:00:11,肤色,75B,来自京东Android客户端,金牌会员
这家店的文胸真的挺好，买了很多次了，内衣穿起来特别舒服，面料好。虽然没有钢圈，但是托胸效果却一点不差，以后还会再来的,2018-10-30 14:32:35,肤色,75B,来自京东Android客户端,银牌会员
卖家发货速度超级快，款式新颖，做工精细，布料摸起来很不错，推荐，物美价廉，非常喜欢,2018-10-30 14:26:57,肤色,75B,来自京东Android客户端,金牌会员
宝贝已收到，物超所值，面料很舒服，聚拢效果特别好，店家服务态度很好，值得回购，以后就选他家了,2018-10-30 13:31:27,肤色,75B,来自京东iPhone客户端,铜牌会员
质量很好 穿起来很舒服 聚拢效果好 卖家发货速度快 以后还会光顾,2018-10-30 13:24:08,肤色,75B,来自京东Android客户端,银牌会员
我十分的惊喜，这样的价格，能买到这样的质量，确实是超值。实物比图片上看到的更好看，一开始担心的色差是多余的，而且它的质地比我想象中要更加柔软，真是太令我惊喜了。,2018-10-30 11:44:07,肤色,75B,来自京东iPhone客户端,银牌会员
没有色差，花色漂亮，质地柔软亲肤。颜色不错。性价比超高。很满意。发货快，包装好，做工不错,2018-10-30 09:24:42,肤色,75B,来自京东Android客户端,钻石会员
还不错挺舒适的，价格亲民。主要好看。感觉像是量身设计的一样，第一次买这家的内衣质量还不错，款式也很喜欢，有聚拢的效果，挺喜欢的会回购&nbsp;,2018-10-30 09:23:19,肤色,75B,来自京东Android客户端,铜牌会员
内衣收到了，颜色很正，很漂亮。质量棒棒的，面料特别舒服，聚拢效果非常好！满意的一次购物！推荐大家购买哈！,2018-10-30 09:06:33,肤色,75B,来自京东iPhone客户端,银牌会员
已收到，质量不错，和原图一样，没有色差，没有气味，内衣穿上很舒服，很性感，值得推荐,2018-10-30 08:50:30,肤色,75B,来自京东Android客户端,银牌会员
聚拢效果很棒，款式也很漂亮，大爱，下次继续继续光顾,2018-10-29 16:43:34,肤色,75B,来自京东iPhone客户端,银牌会员
衣服已经收到了，真的是太惊喜了，特别的漂亮，穿着也很舒服，料子手感也很好，物流很给力，棒棒哒,2018-10-29 16:42:59,肤色,75B,来自京东Android客户端,金牌会员
宝贝收到了，物流很快。简单，自然，舒适，穿着没有束缚感，洗后也不会变型，质量不错，贴合身体曲线，打算继续回购哈。谢谢客服推荐,2018-10-29 15:38:19,肤色,75B,来自京东iPhone客户端,钻石会员
质量很好 每次买的都很满意 不仅质量好 物流也快 隔天就收到了 穿着很舒服 么么哒,2018-10-29 14:44:47,肤色,75B,来自京东Android客户端,银牌会员
内衣质量也不错，穿着很舒服，聚拢效果又不错。不会有勒的感觉。发货又快，卖家服务态度又好。满意！,2018-10-29 10:41:52,肤色,75B,来自京东Android客户端,银牌会员
文胸收到了，质量不错的，款式颜色是我喜欢的，戴上很合适，满意的很,2018-10-29 10:40:02,肤色,75B,来自京东Android客户端,钻石会员
一下子买了好几件，每一件都很喜欢，很薄很轻巧，还很性感，反正就是超满意的，终于等来新款，刚好***有活动，这次买了两件哦，很好看。,2018-10-29 09:51:53,肤色,75B,来自京东Android客户端,银牌会员
这个内衣很薄。是属于比较细的。穿起来感觉还挺舒服。把我的b罩杯穿的更小，就是我想要达到的效果，,2018-10-29 09:47:13,肤色,75B,来自京东iPhone客户端,金牌会员
收到宝贝立马就打开了，首先产品外包装上跟之前评价看到一样，没有写明是内衣或者是尺码字样出现，我个人挺满意的，因为这很尊重别人的隐私。内衣做工很好，穿着很性感，老公很喜欢，,2018-10-29 09:24:19,肤色,75B,来自京东Android客户端,金牌会员
内衣很性感，很漂亮，面料很舒服，完美的展现了女性的线条美！！还特别显肤色！,2018-10-29 08:59:48,肤色,75B,来自京东Android客户端,银牌会员
美观大方实用得体，低调奢华有内涵。东西很好，穿上去毫无压力，不过也没什么聚拢的，估计我胸不够大。宝贝很好，很舒适！尺码标准，入手的都很合适，以后还会再来。,2018-10-28 17:47:37,肤色,75B,来自京东Android客户端,PLUS会员
收到了，不错，一如既往地好，舒适好穿，尺寸也合适，喜欢，我还推荐了好多朋友买,2018-10-28 16:50:17,肤色,75B,来自京东Android客户端,金牌会员
质量挺好，也很聚拢，穿着很舒服，物流也很快，卖家服务特别好，推荐的尺码也很合适！,2018-10-28 10:58:20,肤色,75B,来自京东iPhone客户端,金牌会员
内衣质量不错，穿着也舒服，样子也是我喜欢的，当天拍完就发货了，客服回复的也很及时！赞个！,2018-10-28 10:19:59,肤色,75B,来自京东iPhone客户端,PLUS会员
物流很快，包装完好无损，卖家服务态度很好，很有耐心，文胸质量很好，下次还来,2018-10-28 09:36:53,肤色,75B,来自京东iPhone客户端,PLUS会员
实物很舒服，手感很好。一如既往的不错哦。。。,2018-10-27 19:48:59,肤色,75B,来自京东Android客户端,铜牌会员
内衣挺薄的，不是那种厚实型的，穿着很舒服，无束缚感，颜色也好看，蕾丝很性感，超级喜欢呢。,2018-10-27 16:39:15,肤色,75B,来自京东Android客户端,金牌会员
内衣收到了，面料和做工都很好，还是无钢圈的舒服，正赶上活动，一次买了两件，太超值了，客服服务态度好，已经收藏店铺，非常满意的一次购物！,2018-10-27 15:12:57,肤色,75B,来自京东Android客户端,金牌会员
这款内衣非常好，不止是薄款，非常之适合夏季穿，在家不担心捂出汗了，透气性非常好，很喜欢?,2018-10-27 13:25:57,肤色,75B,来自京东iPhone客户端,铜牌会员
货己收到，款式不错，穿着很舒服，很喜欢，己经是第四次购买了，以后还会来的，推荐！,2018-10-27 13:05:32,肤色,75B,来自京东Android客户端,铜牌会员
收货了，款式颜色都很漂亮，很喜欢！试穿了一下，超级舒服！,2018-10-27 12:09:37,肤色,75B,来自京东Android客户端,PLUS会员
这款内衣很透气，穿着舒服，面料柔软，颜色很正，没有色差，很聚拢，看起来特别性感,2018-10-27 11:29:10,肤色,75B,来自京东iPhone客户端,银牌会员
试穿了一下，穿着舒适，布料柔软，质量不错，客服态度很好有问必答，发货快，韵达快递挺快的。周三下单今天就到了。,2018-10-26 16:38:24,肤色,75B,来自京东Android客户端,银牌会员
内衣很快就到了  物流很快 客服建议的尺码很合适   穿着很舒服   值得推荐,2018-10-26 16:33:28,肤色,75B,来自京东Android客户端,铜牌会员
期待的，很满意，很喜欢，黑色的最性感，要的就是这样的感觉和效果，大胸的女孩子，哈哈哈,2018-10-26 16:14:50,肤色,75B,来自京东iPhone客户端,PLUS会员
一眼就看上的内衣 包装完好仔细 物流速度也很快  内衣款式很好 摸着面料也很舒服 穿着聚拢胸型 包裹性也很好 肩带又不滑又不勒 总之这个价位来说是很nice的了,2018-10-26 16:01:28,肤色,75B,来自京东iPhone客户端,金牌会员
确实很不错，无异味，比比实体优惠很多，款式好看，穿着舒服，不勒肉！非常不错，值得拥有！????,2018-10-26 13:40:13,肤色,75B,来自京东Android客户端,铜牌会员
颜色很漂亮，穿着也舒适，聚拢效果不错，值得推荐！！内衣质量超好穿上也舒服特别性感我就喜欢这种的给人神秘的感觉穿上也性感时尚。聚拢效果不错，很喜欢，,2018-10-26 13:28:21,肤色,75B,来自京东Android客户端,铜牌会员
面料很好，滑滑的，柔软亲肤，弹性松紧特别合适，聚拢效果非常好！透气性好，是我买过的最舒适的内衣了，穿上丝毫感觉不到束缚感，聚拢效果好，穿着就像没穿一样的感觉，面料手感也好好，真心力推这款，颜色好看，是我喜欢的，不错，满意!,2018-10-26 13:27:26,肤色,75B,来自京东Android客户端,银牌会员
这款之前买过一套，介绍给盆友，帮盆友又买的，穿着舒服，塑型，洗了也不变形。透气性好，喜欢就分享了！,2018-10-26 12:38:34,肤色,75B,来自京东Android客户端,铜牌会员
感觉挺性感的，哈哈哈哈哈哈，虽然就我一个人能看，但是我还是很喜欢呀，哈哈哈哈，喜欢的小姐姐们可以拍了，穿着舒服，款式好看，小蕾丝是亮点，性感的呀,2018-10-26 09:58:10,肤色,75B,来自京东Android客户端,银牌会员
显胸小，大爱，最喜欢这个了。试穿了蛮舒服，跟模特身上的一样，很舒适，希望多一点活动。 很薄很服帖，感觉像没有穿一样，很适合夏天。,2018-10-26 09:28:21,肤色,75B,来自京东Android客户端,铜牌会员
昨天收货后，晚上就用清水泡了搓了一下，质量挺好的，是老顾客了，这次聚拢效果看着挺好的，下次有需要还会过来的,2018-10-26 09:01:27,肤色,75B,来自京东Android客户端,银牌会员
内衣收到了很喜欢噢，摸着舒服柔软，穿了感觉透气不闷，尺码标准，价格也实惠，很好的卖家下次还来买,2018-10-25 17:59:24,肤色,75B,来自京东Android客户端,铜牌会员
内衣炒鸡性感哦，款式很漂亮，蕾丝的地方也不扎皮肤，穿上正合适也不嘞，效果也不错，挺棒哒,2018-10-25 13:24:47,肤色,75B,来自京东Android客户端,钻石会员
穿着很服帖，不紧勒，薄款的穿着很舒服啊，透气性特别好，聚拢效果也不错，好评妥妥的,2018-10-25 13:20:47,肤色,75B,来自京东Android客户端,金牌会员
收到货了，内衣一直在你家买，也是你家的粉丝，穿着不错，喜欢。,2018-10-25 13:10:13,肤色,75B,来自京东Android客户端,铜牌会员
内衣的款式好看，质量很好，上面的蕾丝很舒服不扎人，聚拢效果也好，洗了也没有掉颜色。,2018-10-25 11:30:26,肤色,75B,来自京东Android客户端,金牌会员
调整的功能非常好，穿上非常合身，舒适度高。面料柔软，做工很精致。那天购买的价格非常优惠。颜色刚好，搭配衣服不会尴尬,2018-10-25 11:03:43,肤色,75B,来自京东Android客户端,PLUS会员
宝贝收到了，确认晚点前两天不在家，回来打开一看，真是出乎意料的好，是我想要的款，很薄夏天穿凉快，试了下特别合适，~赶快下吧，真的很好，给好评5分。,2018-10-25 10:56:54,肤色,75B,来自京东Android客户端,金牌会员
很不错。物美价廉。穿着很舒服。超值。,2018-10-25 10:04:34,肤色,75B,来自京东Android客户端,金牌会员
内衣舒适漂亮，穿上性感诱惑，无束缚感，聚拢效果好，我很满意，物有所值。强烈推荐喜欢的宝宝购买，绝对物超所值！祝店家生意兴隆，下次有需要再来！,2018-10-25 09:19:33,肤色,75B,来自京东iPhone客户端,银牌会员
宝贝真心不错 穿着胸型好，有女人味 贴身穿很柔软点不扎人 是一次不错的购物 价格也很实惠 这个价位买这个 真心不错,2018-10-24 17:29:20,肤色,75B,来自京东Android客户端,金牌会员
内衣收到了，好喜欢啊。质感超好，无色差，穿上显得好有档次。颜色很漂亮，穿着也舒适，聚拢效果不错，没有束缚感，下水洗了不变形，特别喜欢这种没有钢圈的穿着不勒，比在实体店里买的优惠好多，有需要还会再来回购的。,2018-10-24 17:00:35,肤色,75B,来自京东Android客户端,银牌会员
老顾客了，一直穿的都是梦家的内衣，很舒服，没有束缚感，这个颜色也很好看，很喜欢，有需要会回购,2018-10-24 16:23:48,肤色,75B,来自京东iPhone客户端,金牌会员
宝贝收到了，很漂亮，拢胸效果真的很好，颜色也不错，穿着非常的性感。喜欢,2018-10-24 16:17:39,肤色,75B,来自京东Android客户端,银牌会员
不错不错，还蛮喜欢的，主要是这家内衣穿着特别舒服，买了几次也算是回头客了，品牌旗舰店的质量还是信得过的，值得入手,2018-10-24 10:35:34,肤色,75B,来自京东iPhone客户端,PLUS会员
内衣穿着舒服，摸着手感也不错。聚拢效果好。以后买内衣就认定这家了。,2018-10-24 10:30:48,肤色,75B,来自京东iPhone客户端,银牌会员
宝贝巳收到，质量很好，胸罩上身柔软舒服，没有钢圈钢圈一点都不勒，客服推荐的尺码很合适，样式简单大方，与店家描述的一样。,2018-10-24 10:27:44,肤色,75B,来自京东Android客户端,银牌会员
收到货已经穿了几天了，特别好穿，聚拢效果不错，肩带也不会滑下，做工很好，客服服务态度也很好，喜欢，会持续关注梦芭蒂的,2018-10-24 09:51:30,肤色,75B,来自京东Android客户端,银牌会员
文胸收到了，款式好看，蕾丝的质量不错，穿着舒服透气性感，聚胸，漂亮，很满意,2018-10-24 09:38:11,肤色,75B,来自京东Android客户端,钻石会员
宝贝收到了，质量不错哦！面料柔软透气，滑滑的，手感很好，上身效果不错，舒适没有束缚感，也不会因为动作稍大就会上窜或移位，很满意的一次购物。,2018-10-24 09:19:23,肤色,75B,来自京东Android客户端,银牌会员
收到内衣了，质量很好！刚刚试了一下，聚拢，收副乳效果都很不错！值得购买,2018-10-23 17:06:02,肤色,75B,来自京东Android客户端,金牌会员
内衣聚拢效果很好，面料很舒服，码数很标准，发货非常快，很满意呢。,2018-10-23 15:53:23,肤色,75B,来自京东Android客户端,铜牌会员
物流很快，才俩天就到了呢，邻居试穿了一下说很不错有料不勒，满意。,2018-10-23 14:14:23,肤色,75B,来自京东iPhone客户端,银牌会员
聚拢效果棒棒的，收副乳，穿着舒服。性感哦，值得购买,2018-10-23 13:32:14,肤色,75B,来自京东Android客户端,钻石会员
梦芭帝忠实粉丝，不管春夏秋冬我一直都是买这个牌子的内衣，穿上舒服，质量很好又不贵。,2018-10-23 12:53:51,肤色,75B,来自京东Android客户端,金牌会员
非常舒服，很合身。不凸点。感觉就是正正好好给我设计的。胸型好看。重点是随身不串不跑。特别满意！！！,2018-10-23 09:47:34,肤色,75B,来自京东Android客户端,金牌会员
买她家衣服很多次了，质量没话说，比实体店好，价格实惠，重要的是今天下单明天就可以到，很方便。,2018-10-22 16:16:22,肤色,75B,来自京东Android客户端,金牌会员
质量很好隆胸效果不错，穿着非常舒服，看上去很有气质不错,2018-10-22 12:30:44,肤色,75B,来自京东Android客户端,金牌会员
内衣质量很不错，穿着舒服，没有束缚感，聚拢效果还特别好！这个牌子的真心不错！,2018-10-22 10:38:04,肤色,75B,来自京东Android客户端,钻石会员
帮我姐姐买的，姐姐说质量真的是好的没话说，让我帮她好评，面料很软，很薄，很透气。不勒！姐姐说把这家店也推荐给我，以后都在这儿买。都是正品。好评好评！,2018-10-22 09:57:08,肤色,75B,来自京东iPhone客户端,钻石会员
聚拢和收副乳效果还不错，尺码标准，就喜欢这种薄薄的，个人感觉很漂亮，很小巧，比普通的调整型文胸更好看。,2018-10-22 09:38:07,肤色,75B,来自京东iPhone客户端,钻石会员
质量很好，穿起来很自然，很舒服，就像没穿一样，一点勒的感觉都没有，自由清爽！,2018-10-21 17:11:17,肤色,75B,来自京东Android客户端,银牌会员
质量很好 是我想要的款式,2018-10-21 14:01:50,肤色,70C,来自京东iPhone客户端,银牌会员
效果不错继续关注,2018-09-08 07:06:19,肤色,34/75B,来自京东Android客户端,金牌会员
挺好的，质量好手感好，穿了洗了也不会变形,2018-11-04 15:31:10,肤色,34/75B,来自京东Android客户端,金牌会员
没有第一次质量好！里面海绵这次的硬,2018-11-03 20:18:41,肤色,34/75B,来自京东Android客户端,银牌会员
东西收到了，物流很快，可惜自己看错了，号码大了,2018-11-03 09:54:56,肤色,36/80B,来自京东Android客户端,钻石会员
物流很快，快递小哥冒着雨也送来，辛苦了,2018-11-03 09:56:03,银灰色,34/75B,来自京东Android客户端,钻石会员
买回来一看有压痕，是次品来的，真是的,2018-10-29 18:19:31,肤色,38/85C,来自京东Android客户端,金牌会员
大小合适，刚刚好，穿着舒服，还不错,2017-11-20 13:00:31,肤色,34/75A,来自京东Android客户端,PLUS会员
内衣收到了，面料还可以，快递很快，试穿了一下内衣有点大。,2018-11-04 16:15:42,浅紫色,34/75B,来自京东Android客户端,铜牌会员
这个价格很实惠，店家态度好，衣服面料柔软，值了。,2018-11-04 16:19:26,虾红色,34/75B,来自京东Android客户端,铜牌会员
买过多次，无钢圈很舒服，包装非常好，物流也很快。,2018-10-28 11:06:03,虾红色,34/75A,来自京东Android客户端,钻石会员
买过多次，无钢圈很舒服，包装非常好，物流也很快。,2018-10-28 11:05:57,浅紫色,34/75A,来自京东Android客户端,钻石会员
买过多次，无钢圈很舒服，包装非常好，物流也很快。,2018-10-28 11:05:51,黑色,34/75A,来自京东Android客户端,钻石会员
特地穿了一段时间再来评论，我只能说一分钱一分货吧,2018-10-22 20:13:56,肤色,36/80A,来自微信购物,铜牌会员
这个已经是第二个了 薄厚适中 穿着很舒服,2018-11-01 16:29:31,肤色,36/80B,来自京东iPhone客户端,金牌会员
第二次购买了，质量杠杠的。,2018-11-05 19:23:48,浅紫色,34/75B,来自京东Android客户端,金牌会员
此用户未填写评价内容,2018-11-04 18:20:50,浅紫色,36/80B,来自京东Android客户端,银牌会员
还没穿，看着还不错,2018-10-15 17:32:39,银灰色,34/75A,来自京东Android客户端,金牌会员
穿起来面料很舒服，表面光滑很贴皮肤，聚拢效果好，两侧聚拢效果也很好。无任何打滑现象，这款是我买的效果最好的一次，希望下次在来。,2018-10-31 12:40:42,肤色,34/75A,来自京东Android客户端,银牌会员
搞活动的时候买的，买的小了，联系客服，大晚上的客服还帮我解决，售后那边的小姐姐在休息的时候还被我打扰，真的辛苦你们了！,2018-10-27 19:41:51,黑色,38/85C,来自京东iPhone客户端,银牌会员
收到是自己喜欢的东西，就是尺码不太标准，客服态度很好。正在调换中。挺好的?下次继续你家,2018-10-22 16:39:26,浅紫色,38/85C,来自京东Android客户端,银牌会员
没有异味，东西也挺好的，做工也精致，总的来说挺满意,2018-10-01 13:13:44,藕粉,80B/36+L码,,银牌会员
质量非常好，穿着很合适，价格实惠，以后就你家了，非常满意的一次购物。,2018-11-07 02:09:58,藕粉,80B/36+L码,来自京东Android客户端,注册会员
试穿一下穿上很合适是正品比实体店便宜好多发货速度也很快内衣质量非常好,2018-11-04 14:09:11,藕粉,80B/36+L码,来自京东Android客户端,银牌会员
内衣收到了，款式可以，手感很舒服很柔软，质量很好，穿着很合适，谢谢,2018-11-07 02:10:56,藕粉,80B/36+L码,来自京东Android客户端,注册会员
一直在喝，非常棒，很喜欢，速度非常快，服务态度好。,2018-10-06 18:39:57,藕粉,80B/36+L码,来自京东Android客户端,PLUS会员
很舒服，说实话，感觉颜色不是很好看，有点老气，之前一直穿都市丽人的内衣，但是觉得款式不怎么样，所以换了其他牌子好看的内衣，但是，感觉舒适度没有都市丽人好，所以还是买了都市丽人的。反正只要舒服，内衣也就是自己看而已，舒服最重要。,2018-09-22 15:04:36,淡蓝灰,75C/34+XL码,来自京东Android客户端,PLUS会员
质量很好，穿着很舒服。非常满意。也很好看。,2018-10-02 18:19:01,藕粉,80B/36+L码,来自京东Android客户端,PLUS会员
货已经收到了，实物与图片相付，质量棒棒的，没有异味,2018-10-29 19:00:39,藕粉,80B/36+L码,来自京东iPhone客户端,铜牌会员
看到邮政的物流我已经做好准备等很久了，没想到第三天就收到了，快递员没放丰巢亲自送上来，必须五星好评。内衣我现在都在网上买，价钱实惠质量感觉和实体店的差不多，主要是实体店的服务员态度太差了，拉着个脸好像欠她钱似的。,2018-10-29 15:01:38,淡蓝灰,75B/34+M码,来自京东iPhone客户端,金牌会员
质量不错 尺码合适 一次性买了5件 真划算,2018-10-18 19:03:42,黑色,85B/38+XL码,来自京东iPhone客户端,PLUS会员
很不错的套装，经常买都市丽人，很好的牌子，希望以后活动多多,2018-10-11 17:31:48,淡蓝灰,75B/34+M码,来自京东Android客户端,金牌会员
买过好几次了，质量还可以，价格实惠,2018-10-01 08:32:47,深宝蓝,75C/34+XL码,来自京东iPhone客户端,钻石会员
给女朋友买的一套，很性感好看，满意,2018-10-28 16:58:53,淡蓝灰,75B/34+M码,来自京东iPhone客户端,钻石会员
我觉得有点小了，内裤还可以,2018-09-30 21:09:27,深宝蓝,85C/38+XL码,来自京东Android客户端,铜牌会员
好看，质量特别好,2018-09-22 13:21:54,藕粉,75A/34+M码,来自京东Android客户端,钻石会员
很好，码数偏小的。,2018-09-30 21:03:32,深宝蓝,80C/36+XL码,来自京东Android客户端,铜牌会员
买了三件只这件是小胸适合穿的......款式和布料和店家介绍的一样！另外两件胸小穿的不好，先退了。,2018-10-10 10:22:56,淡蓝灰,80A/36+L码,来自京东iPhone客户端,PLUS会员
第二次购买了，穿着好穿介绍给朋友，她就叫我帮忙买了，质量真不错，想买的亲赶紧下手。,2018-11-07 02:10:41,黑色,80C/36+XL码,来自京东Android客户端,注册会员
今天收到了试穿了才拿去洗的，这套很美哦，值得推荐。不过是有钢圈的,2018-09-28 21:34:39,淡蓝灰,70B/32+M码,来自京东iPhone客户端,PLUS会员
整体还是不错的，就是不收副乳，胖一点的人都有副乳的嘛。。。,2018-10-09 11:29:05,深宝蓝,85C/38+XL码,来自京东Android客户端,PLUS会员
非常舒服合适，尺码准确，信赖都市丽人品牌，一次性买了三件，性价比比较好,2018-11-05 10:23:23,藕粉,75C/34+XL码,来自京东Android客户端,金牌会员
很好很性感 老婆喜欢 啊去啊很好很性感 老婆喜欢 啊去啊？,2018-09-09 23:28:19,淡蓝灰,80B/36+L码,来自京东iPhone客户端,PLUS会员
很好很性感 老婆喜欢 啊去啊很好很性感 老婆喜欢 啊去啊？,2018-09-09 23:28:13,深宝蓝,80B/36+L码,来自京东iPhone客户端,PLUS会员
我一直穿的但是都市丽人内衣，这次是碰上搞活动买了很多内衣，真的特别划算,2018-10-27 14:06:03,藕粉,75A/34+M码,来自京东Android客户端,银牌会员
整体还是不错的，就是不收副乳，胖一点的人都有副乳的嘛,2018-10-09 11:28:55,黑色,85C/38+XL码,来自京东Android客户端,PLUS会员
质量还不错，物流也挺快的，老婆挺喜欢的，好评,2018-10-26 20:45:54,藕粉,85B/38+XL码,来自京东iPhone客户端,PLUS会员
面料是棉料的，穿着舒服，做工精细，没有多余的线头，不掉色不起球,2018-11-07 02:10:12,深宝蓝,80C/36+XL码,来自京东Android客户端,注册会员
大小刚好，样子不错。搞活动买的，价格优惠。,2018-10-06 21:40:07,黑色,85B/38+XL码,来自京东Android客户端,PLUS会员
质量很好，穿着很舒服。非常满意。也很好看。,2018-10-02 18:18:45,淡蓝灰,80B/36+L码,来自京东Android客户端,PLUS会员
一起买了两套，这套特别的满意，穿着合适，舒服，一如既往支持京东,2018-09-18 18:59:57,淡蓝灰,75B/34+M码,来自京东Android客户端,银牌会员
好看，好用，老婆喜欢。。。。。我也喜欢,2018-10-05 03:37:49,藕粉,70B/32+M码,来自京东Android客户端,PLUS会员
给女朋友买的，还没试呢，希望她会喜欢,2018-09-29 13:28:56,藕粉,75A/34+M码,来自京东iPhone客户端,PLUS会员
非常不错，做工精良，老婆很喜欢,2018-10-16 08:59:38,藕粉,75B/34+M码,来自京东Android客户端,PLUS会员
感觉内裤设计很不错，有点小诱惑！,2018-09-30 18:24:26,藕粉,70A/32+M,来自京东Android客户端,PLUS会员
好看，好用，老婆喜欢。。。。。,2018-10-05 03:37:29,淡蓝灰,70B/32+M码,来自京东Android客户端,PLUS会员
好看，好用，老婆喜欢。。。。。,2018-10-05 03:37:19,黑色,70B/32+M码,来自京东Android客户端,PLUS会员
跑步运动穿很方便，质量很好，纯棉的，有吸汗。,2018-11-07 02:11:12,黑色,75C/34+XL码,来自京东Android客户端,注册会员
正品行货，价廉物美，送货快。,2018-10-02 15:38:12,黑色,80B/36+L码,来自京东Android客户端,PLUS会员
还行吧，这个价钱就这样了！,2018-10-08 20:28:37,黑色,70B/32+M码,来自京东iPhone客户端,PLUS会员
内衣很性感，就是本人的胸小了，穿着没那么好看,2018-10-18 13:44:42,深宝蓝,75A/34+M码,来自京东Android客户端,金牌会员
宝贝收到了，试了一下穿起来很舒服收副乳效果不错。手感软软的。洗了一下没有掉色。价格实惠打算再买一套送闺蜜。,2018-11-01 22:38:05,经典【薄】黑色,75B/34B,来自京东iPhone客户端,铜牌会员
和描述的完全一样，内衣的材质非常的好，没有任何的异味，穿着也非常的舒服，一点都不紧绷，而且聚拢效果非常棒,2018-11-02 10:49:00,经典【薄】黑色,75B/34B,来自京东iPhone客户端,铜牌会员
宝贝收到之后马上查看了，和预想的一样，同事已经问了链接，很耐心的卖家，以后有需要还会再来的。,2018-10-31 21:30:31,经典【薄】黑色,75B/34B,来自京东iPhone客户端,铜牌会员
听闺蜜介绍过来买的，拿回来后试穿了一下，上身效果非常的棒，弹力也很好，可以调节，非常的满意,2018-11-02 11:15:19,经典【薄】黑色,75B/34B,来自京东iPhone客户端,铜牌会员
货已经收到了，非常不错，但实体店的没有什么两样，非常喜欢，有需要的朋友可以去买哦。,2018-11-07 10:55:58,经典【薄】黑色,75B/34B,来自京东iPhone客户端,注册会员
文胸收到了，质量挺好的，洗了也没有掉色，款式挺好看的，质量也很不错哦，给个赞,2018-11-02 10:34:44,经典【薄】黑色,75B/34B,来自京东iPhone客户端,铜牌会员
东西收到啦，包装的非常好，相当的满意，内衣穿在身上非常的舒服，款式也很漂亮,2018-11-02 10:52:43,经典【薄】黑色,75B/34B,来自京东iPhone客户端,铜牌会员
物流很快衣服已经收到了，很喜欢跟实体店的没有两样，五星好评，下次再光顾。,2018-11-07 11:00:07,经典【薄】黑色,75B/34B,来自京东iPhone客户端,注册会员
物流很快东西收到了，质量非常不错，很合身。跟实体店的没有两样，非常满意。,2018-11-07 11:04:43,经典【薄】黑色,75B/34B,来自京东iPhone客户端,注册会员
已经收到了，没想到这个价钱能买到这么好的东西，质量太好了，非常满意。,2018-11-07 00:31:46,经典【薄】黑色,75B/34B,来自京东iPhone客户端,注册会员
衣服已经收到了，很合适，质量非常好，这是一次非常满意的网购。五星好评,2018-11-07 01:06:25,经典【薄】黑色,75B/34B,来自京东iPhone客户端,注册会员
宝贝已经收到了，非常的满意，面料很柔软，穿上后很舒服，肩带也不会溜肩,2018-11-02 10:47:33,经典【薄】黑色,75B/34B,来自京东iPhone客户端,铜牌会员
品牌货就是品牌货质量有保障，上身试了一下，肩带挺稳固的，不勒，很漂亮,2018-10-31 20:05:38,经典【薄】黑色,75B/34B,来自京东iPhone客户端,铜牌会员
衣服收到了，试穿了一下效果很好，材质各方面都挺不错，下次继续购买。,2018-11-07 10:21:31,经典【薄】黑色,75B/34B,来自京东iPhone客户端,注册会员
没有异味，款式也挺好看的，没有掉色，穿的很舒服，聚拢效果也挺不错的,2018-11-02 10:35:50,经典【薄】黑色,75B/34B,来自京东iPhone客户端,铜牌会员
码数很标准，穿上也很贴身，还很有型，总之对这次购物还是挺满意的。,2018-11-01 15:38:00,经典【薄】黑色,75B/34B,来自京东iPhone客户端,银牌会员
东西收到了，穿起来挺舒服的，而且洗了也没有掉色，总体感觉非常的好,2018-11-02 10:53:49,经典【薄】黑色,75B/34B,来自京东iPhone客户端,铜牌会员
货已经收到了，这个衣服的质量不错，没有色差非常满意，值得购买。,2018-11-07 10:41:45,经典【薄】黑色,75B/34B,来自京东iPhone客户端,注册会员
内衣聚拢，效果很好。很喜欢，下次还会光顾。小二，服务也很好。,2018-11-07 01:00:51,经典【薄】黑色,75B/34B,来自京东iPhone客户端,注册会员
这个衣服的质量很好，很喜欢，下次还会再去购买。值得购买好评。,2018-11-07 00:40:32,经典【薄】黑色,75B/34B,来自京东iPhone客户端,铜牌会员
做工平整，亲肤，无异味，质量很好，拢胸特别好，洗了不褪色！,2018-11-02 14:19:27,经典【薄】黑色,75B/34B,来自京东Android客户端,银牌会员
收到好几天了，试了才来评价，穿着很舒服，没有异味，很喜欢,2018-11-01 16:27:29,经典【薄】黑色,75B/34B,来自京东Android客户端,铜牌会员
内衣聚拢效果很好才自由材质穿得很舒服，下次继续~。,2018-11-07 01:07:11,经典【薄】黑色,75B/34B,来自京东iPhone客户端,铜牌会员
宝贝，收到了好惊喜，物超所值五星好评强烈推荐购买。,2018-11-07 10:30:34,经典【薄】黑色,75B/34B,来自京东iPhone客户端,注册会员
聚拢效果很好，试穿效果真不错，穿着也很好看很性感。,2018-11-05 16:56:39,经典【薄】黑色,75B/34B,来自京东iPhone客户端,铜牌会员
闺蜜推荐买的，确实很聚拢，价格也很便宜，买得很值。,2018-11-02 02:27:17,经典【薄】黑色,75B/34B,来自京东iPhone客户端,铜牌会员
内衣收到了质量挺好的型也很不错，不会勒肉很舒服。,2018-11-07 10:30:54,经典【薄】黑色,75B/34B,来自京东iPhone客户端,钻石会员
东西收到了，颜色买的挺衬皮肤的，往上托举还可以。,2018-10-31 20:23:16,经典【薄】黑色,75B/34B,来自京东iPhone客户端,铜牌会员
小衣服已经收到了，很喜欢质量也很好。五星好评,2018-11-07 10:46:31,经典【薄】黑色,75B/34B,来自京东iPhone客户端,注册会员
质量非常好，码数很准，穿起来不勒，胸型很好看,2018-10-31 21:14:25,经典【薄】黑色,75B/34B,来自京东iPhone客户端,铜牌会员
穿上特别舒服，很聚拢，不会掉，面料质量很好,2018-10-31 19:34:02,经典【薄】黑色,75B/34B,来自京东iPhone客户端,铜牌会员
内衣质量很好，穿上聚拢效果不错，值得购买,2018-11-05 12:00:36,经典【薄】黑色,75B/34B,来自京东Android客户端,银牌会员
质量很好，穿起来很有型，不会下垂。包副乳,2018-10-31 20:18:43,经典【薄】黑色,75B/34B,来自京东iPhone客户端,铜牌会员
质量很好，尺码很准，上身效果穿的很好看。,2018-10-31 20:12:14,经典【薄】黑色,75B/34B,来自京东iPhone客户端,铜牌会员
实物和图片是一样的穿起来也很舒服。,2018-11-02 11:15:49,经典【薄】黑色,75B/34B,来自京东Android客户端,铜牌会员
码数合适，聚拢，收副乳，性价比高。,2018-11-01 20:01:22,经典【薄】黑色,75B/34B,来自京东Android客户端,银牌会员
内衣质量非常好，不容易变形，很聚拢,2018-10-31 20:03:04,经典【薄】黑色,75B/34B,来自京东iPhone客户端,铜牌会员
穿了很好，很合身，下次需要还来买,2018-11-04 22:51:14,经典【薄】黑色,75B/34B,来自京东Android客户端,银牌会员
穿着舒适，自己都感觉超有型的,2018-11-01 23:26:17,经典【薄】黑色,75B/34B,来自京东Android客户端,铜牌会员
已经收到了，买过两件了，只是后来瘦了十来斤，以前的穿不得了，又买的新的，不错,2018-10-31 17:41:56,蕾丝【薄】粉色,75B/34B,来自京东Android客户端,PLUS会员
宝贝收到了，挺好的，穿了再追评,2018-11-03 20:48:30,经典【厚】肤色,80B/36B,来自京东Android客户端,铜牌会员
刚收到试穿了一下，感觉挺好的，又合身。,2018-11-05 08:14:28,蕾丝【薄】肤色,80C/36C,来自京东Android客户端,铜牌会员
不错?蛮好的戴着也蛮舒服的,2018-11-05 12:18:55,拉丝【厚】黑色,80B/36B,来自京东iPhone客户端,金牌会员
感觉穿了好舒服，又合适,2018-11-05 08:19:14,经典【薄】黑色,80C/36C,来自京东Android客户端,铜牌会员
试了一下大小合适,2018-11-07 15:35:27,经典【厚】肤色,75B/34B,来自京东iPhone客户端,金牌会员
不错?蛮好的,2018-11-05 12:19:22,蕾丝【厚】肤色,80B/36B,来自京东iPhone客户端,金牌会员
不好买没穿,2018-11-06 16:50:47,升级【薄】酒红,80C/36C,来自京东iPhone客户端,PLUS会员
第二次光顾了，这次很好，上次物流四天才到，手滑就给好评了，我这个人是很公道的呢，忘记历史就等于背叛，所以就把上次的中评补回来,2018-10-07 12:28:05,经典【薄】肤色,75B/34B,来自京东iPhone客户端,铜牌会员
东西很不错,2018-11-02 17:00:38,经典【薄】肤色,80C/36C,来自京东Android客户端,金牌会员
为什么你家内衣跟别人家的不一样，买了个薄款的，都那么厚，太聚拢了，下楼梯都看不见路,2018-10-07 12:34:06,经典【薄】肤色,75B/34B,来自京东iPhone客户端,铜牌会员
买了两件，尺码标准，穿着舒服，也没有很厚，粉色的超漂亮,2018-09-21 23:11:32,藕粉色,75B,来自京东Android客户端,PLUS会员
宝贝收到了，不错？是我喜欢的款式,2018-09-12 21:20:40,藕粉色,75B,来自京东iPhone客户端,金牌会员
这款好穿，轻便柔软舒服。。。。。。。。。。。。。,2018-09-06 09:53:36,藕粉色,75B,来自京东Android客户端,PLUS会员
收到货了，颜色漂亮，码数正，聚扰效果非常好，喜欢！值得入手，推荐！,2018-10-31 13:33:07,藕粉色,75B,来自京东Android客户端,银牌会员
收到货后就打开来试穿了，款式好看，效果可以，质量挺好，很喜欢。,2018-10-26 21:23:35,藕粉色,75B,来自京东Android客户端,金牌会员
内衣穿了几天才来评价，挺舒服的，质量挺好的，挺满意的给好评吧&hellip;,2018-11-06 20:36:40,藕粉色,75B,来自京东Android客户端,铜牌会员
穿上很舒服。很聚拢，做工很好，面料柔软，很满意,2018-11-04 17:42:36,藕粉色,75B,来自京东iPhone客户端,钻石会员
内衣聚拢效果不错，穿着挺舒服的，满意,2018-10-31 10:30:30,藕粉色,75B,来自京东Android客户端,金牌会员
标准罩杯 透气很舒适 穿好了再来,2018-11-06 17:02:55,藕粉色,75B,来自京东Android客户端,银牌会员
穿着很舒服，又聚拢，实惠.,2018-11-03 19:39:17,藕粉色,75B,来自京东Android客户端,铜牌会员
内衣好漂亮，穿着舒服也合适,2018-11-03 20:45:08,藕粉色,75B,来自京东Android客户端,铜牌会员
内衣聚拢效果非常好，很满意,2018-10-31 13:36:56,藕粉色,75B,来自京东iPhone客户端,金牌会员
很合适，质量很好，值得购买,2018-10-29 10:05:55,藕粉色,75B,来自京东Android客户端,银牌会员
穿着舒服，薄厚适度，物超所值，赞赞赞,2018-10-28 11:35:46,藕粉色,80B,来自京东Android客户端,钻石会员
很舒服，很柔软，很透气，物超所值,2018-10-27 19:28:47,黑色,80B,来自京东Android客户端,钻石会员
面料舒服、大小合适，穿着很舒服,2018-11-06 11:36:53,黑色,80B,,金牌会员
宝贝收到了，太喜欢了?没有色差，穿起来超舒服，也没有味道呢，这个价格太超值了,2018-11-01 14:18:00,米白色,70A,来自京东Android客户端,铜牌会员
东西收到了，大小合适，穿起来很舒服，价格也实惠 薄厚也刚好，买的很满意。,2018-11-06 17:58:25,藕粉色,80B,来自京东Android客户端,银牌会员
挺不错的，一直穿千奈美的内衣，忠实粉,2018-10-19 19:55:14,藕粉色,70A,来自京东Android客户端,PLUS会员
大小合适，洗了不变形，薄厚也刚好，穿上舒服，满意！,2018-11-01 14:56:41,藕粉色,80B,来自京东Android客户端,银牌会员
